"Date","RegionName","State","SizeRank","Zri","MoM","QoQ","YoY","ZriRecordCnt"
2019-05-31,"United States",,0,1479,0.001354096140826,0.0047554347826087,0.0270833333333333,100223056
2019-05-31,"New York, NY","NY",1,2413,-0.00248036378668871,-0.00248036378668871,0.0147182506307822,5001717
2019-05-31,"Los Angeles-Long Beach-Anaheim, CA","CA",2,2835,0,0,0.0305343511450382,2951304
2019-05-31,"Chicago, IL","IL",3,1703,0.00412735849056604,0.00769230769230769,0.0396825396825397,3131941
2019-05-31,"Dallas-Fort Worth, TX","TX",4,1651,0.00303766707168894,0.00609384521633151,0.0351097178683386,1872410
2019-05-31,"Philadelphia, PA","PA",5,1611,0,0.00373831775700935,0.0274234693877551,2024778
2019-05-31,"Houston, TX","TX",6,1586,0.000630914826498423,0.00189513581806696,0.0232258064516129,1764177
2019-05-31,"Washington, DC","DC",7,2179,0.00137867647058824,0.00322283609576427,0.0225246363209761,1886510
2019-05-31,"Miami-Fort Lauderdale, FL","FL",8,1934,0.00311203319502075,0.00834202294056309,0.0381105743424584,2395821
2019-05-31,"Atlanta, GA","GA",9,1462,0.0068870523415978,0.0131670131670132,0.0495333811916727,1841120
2019-05-31,"Boston, MA","MA",10,2415,0.00583090379008746,0.0100376411543287,0.0237388724035608,1484768
2019-05-31,"San Francisco, CA","CA",11,3458,0.000868306801736614,0.00290023201856148,0.0176574455562095,1233564
2019-05-31,"Detroit, MI","MI",12,1229,0.000814332247557003,0.00326530612244898,0.0284518828451883,1658627
2019-05-31,"Riverside, CA","CA",13,2004,0.00551931761164074,0.010590015128593,0.0575197889182058,1189086
2019-05-31,"Phoenix, AZ","AZ",14,1464,0.00826446280991736,0.0152565880721221,0.0717423133235725,1462212
2019-05-31,"Seattle, WA","WA",15,2245,0.00402504472271914,0.00582437275985663,0.0302891234511244,1160163
2019-05-31,"Minneapolis-St Paul, MN","MN",16,1706,0.00117370892018779,0.00530347672362994,0.0427872860635697,1140876
2019-05-31,"San Diego, CA","CA",17,2660,0.00377358490566038,0.00643208475217556,0.046420141620771,822214
2019-05-31,"St. Louis, MO","MO",18,1163,0.000860585197934596,0.00692640692640693,0.0210711150131694,1036657
2019-05-31,"Tampa, FL","FL",19,1454,0.00553250345781466,0.0104239054899236,0.0490620490620491,1079983
2019-05-31,"Baltimore, MD","MD",20,1751,-0.00171037628278221,0,0.00690051753881541,980943
2019-05-31,"Denver, CO","CO",21,2126,0.00567644276253548,0.0104562737642586,0.0365675280351048,874442
2019-05-31,"Pittsburgh, PA","PA",22,1105,0,0.00454545454545455,0.0240963855421687,862142
2019-05-31,"Portland, OR","OR",23,1883,0.00426666666666667,0.00856989823245849,0.026158038147139,715791
2019-05-31,"Charlotte, NC","NC",24,1352,0.00445765230312036,0.00970873786407767,0.045630317092034,864389
2019-05-31,"Sacramento, CA","CA",25,1927,0.00416883793642522,0.00890052356020942,0.0455778621812263,655943
2019-05-31,"San Antonio, TX","TX",26,1381,0.00582665695557174,0.0124633431085044,0.0344569288389513,647839
2019-05-31,"Orlando, FL","FL",27,1543,0.00455729166666667,0.0104780615586117,0.0678200692041522,765245
2019-05-31,"Cincinnati, OH","OH",28,1305,-0.00153022188217292,0.000766871165644172,0.0227272727272727,700351
2019-05-31,"Cleveland, OH","OH",29,1171,0.00256849315068493,0.00774526678141136,0.0271929824561404,726232
2019-05-31,"Kansas City, MO","MO",30,1303,0.00307929176289453,0.00773395204949729,0.0292259083728278,691454
2019-05-31,"Las Vegas, NV","NV",31,1418,0.0114122681883024,0.0201438848920863,0.0890937019969278,674387
2019-05-31,"Columbus, OH","OH",32,1374,0.00585651537335286,0.0102941176470588,0.0307576894223556,641399
2019-05-31,"Indianapolis, IN","IN",33,1239,0.00161681487469685,0.00405186385737439,0.0350877192982456,709299
2019-05-31,"San Jose, CA","CA",34,3583,0.00589556428972487,0.0101494220468001,0.0237142857142857,466524
2019-05-31,"Austin, TX","TX",35,1724,0.0075978959672706,0.0141176470588235,0.0261904761904762,536792
2019-05-31,"Virginia Beach, VA","VA",36,1448,-0.000690131124913734,0.00138312586445367,0.0284090909090909,561960
2019-05-31,"Nashville, TN","TN",37,1528,0.00394218134034166,0.00858085808580858,0.025503355704698,633800
2019-05-31,"Providence, RI","RI",38,1689,-0.00353982300884956,-0.00412735849056604,0.011377245508982,498745
2019-05-31,"Milwaukee, WI","WI",39,1324,-0.00749625187406297,-0.0119402985074627,-0.00226073850791258,408596
2019-05-31,"Jacksonville, FL","FL",40,1412,0.00857142857142857,0.014367816091954,0.0568862275449102,488373
2019-05-31,"Memphis, TN","TN",41,1122,0,0.000892060660124889,0.0265324794144556,445222
2019-05-31,"Oklahoma City, OK","OK",42,1119,0.00992779783393502,0.0181983621474067,0.0247252747252747,472034
2019-05-31,"Louisville-Jefferson County, KY","KY",43,1198,0.000835421888053467,0.00251046025104603,0.0092670598146588,552837
2019-05-31,"Hartford, CT","CT",44,1596,-0.00684505289359054,-0.00560747663551402,0.0114068441064639,397877
2019-05-31,"Richmond, VA","VA",45,1432,0.0013986013986014,0.00350385423966363,0.0302158273381295,453167
2019-05-31,"New Orleans, LA","LA",46,1407,-0.00705716302046577,-0.00845665961945032,0.0247632920611799,395740
2019-05-31,"Buffalo, NY","NY",47,1216,-0.0073469387755102,-0.0065359477124183,0.015025041736227,361033
2019-05-31,"Raleigh, NC","NC",48,1476,0.00682128240109141,0.0144329896907216,0.0271398747390397,412011
2019-05-31,"Birmingham, AL","AL",49,1111,0.0018034265103697,0.00908265213442325,0.0591039084842707,410394
2019-05-31,"Salt Lake City, UT","UT",50,1618,-0.000617665225447807,0.00185758513931889,0.0221099178774479,344134
2019-05-31,"Rochester, NY","NY",51,1416,0.00141442715700141,0.00425531914893617,0.039647577092511,329050
2019-05-31,"Grand Rapids, MI","MI",52,1372,0.00145985401459854,0.00365764447695684,0.0215934475055845,350652
2019-05-31,"Tucson, AZ","AZ",53,1260,0.008,0.0153102336825141,0.0517529215358931,311717
2019-05-31,"Urban Honolulu, HI","HI",54,2408,0.00124740124740125,0.00333333333333333,0.0242450021267546,279827
2019-05-31,"Tulsa, OK","OK",55,1039,0.00192864030858245,0.00580832526621491,0.045271629778672,341781
2019-05-31,"Fresno, CA","CA",56,1381,0.00876552227903579,0.0176860722181282,0.0344569288389513,224914
2019-05-31,"Worcester, MA","MA",57,1638,-0.00243605359317905,0,0.0295411690760528,287016
2019-05-31,"Stamford, CT","CT",58,2289,0.000874508089199825,0.00703915530136384,0.0101500441306267,295449
2019-05-31,"Albuquerque, NM","NM",59,1234,0.0032520325203252,0.0065252854812398,0.0300500834724541,298057
2019-05-31,"Albany, NY","NY",60,1538,0.000650618087182824,0.00130208333333333,-0.0038860103626943,261747
2019-05-31,"Omaha, NE","NE",61,1336,0.003003003003003,0.00906344410876133,0.0324574961360124,448448
2019-05-31,"New Haven, CT","CT",62,1623,-0.00855222968845449,-0.0109689213893967,0.0156445556946183,272709
2019-05-31,"Bakersfield, CA","CA",63,1317,0.00919540229885057,0.0146379044684129,0.0386435331230284,214467
2019-05-31,"Knoxville, TN","TN",64,1175,0.00599315068493151,0.0120585701981051,0.0288966725043783,345690
2019-05-31,"Greenville, SC","SC",65,1242,0.0008058017727639,0.00161290322580645,0.00485436893203883,275326
2019-05-31,"Ventura, CA","CA",66,2813,0.000711490572749911,0.00249465431218817,0.02551950419249,221309
2019-05-31,"Allentown, PA","PA",67,1462,-0.00679347826086957,-0.00814111261872456,0.0152777777777778,277425
2019-05-31,"El Paso, TX","TX",68,1000,-0.00199600798403194,0.001001001001001,0.0224948875255624,211806
2019-05-31,"Baton Rouge, LA","LA",69,1318,-0.000758150113722517,0.00228136882129278,-0.017151379567487,251338
2019-05-31,"Dayton, OH","OH",70,1023,0.0118694362017804,0.017910447761194,0.0734522560335782,285659
2019-05-31,"McAllen, TX","TX",71,983,-0.0140421263791374,-0.016016016016016,0.0175983436853002,184255
2019-05-31,"Columbia, SC","SC",72,1158,0.00520833333333333,0.011353711790393,0.0536851683348499,274523
2019-05-31,"Greensboro, NC","NC",73,1036,-0.0114503816793893,-0.0189393939393939,0.0974576271186441,263072
2019-05-31,"Akron, OH","OH",74,1129,0.00803571428571428,0.0171171171171171,0.0357798165137615,246324
2019-05-31,"North Port-Sarasota-Bradenton, FL","FL",75,1819,0.00165198237885463,0.00999444752915047,0.00719822812846069,350398
2019-05-31,"Little Rock, AR","AR",76,1033,0.0087890625,0.0187376725838264,0.03714859437751,244958
2019-05-31,"Stockton, CA","CA",77,1733,0.00814426992437464,0.0164222873900293,0.0522161505768063,174613
2019-05-31,"Charleston, SC","SC",78,1662,0.00727272727272727,0.0121802679658952,0.0407013149655604,247181
2019-05-31,"Syracuse, NY","NY",79,1325,-0.00971599402092676,-0.0119313944817301,0.0327357755261107,198251
2019-05-31,"Colorado Springs, CO","CO",80,1580,0.0076530612244898,0.0160771704180064,0.0333551340745585,223584
2019-05-31,"Winston-Salem, NC","NC",81,1117,-0.000894454382826476,0.00179372197309417,0.0781853281853282,242732
2019-05-31,"Wichita, KS","KS",82,972,0.00413223140495868,0.00934579439252336,0.0373532550693703,215209
2019-05-31,"Springfield, MA","MA",83,1614,-0.00920810313075507,-0.0116350275566442,0.0157331655129012,181740
2019-05-31,"Fort Myers, FL","FL",84,1645,-0.000607533414337789,0.0036607687614399,0.0110633066994468,339175
2019-05-31,"Boise City, ID","ID",85,1372,0.0117994100294985,0.0215934475055845,0.0880253766851705,207439
2019-05-31,"Toledo, OH","OH",86,968,-0.00921187308085977,-0.00921187308085977,-0.016260162601626,213847
2019-05-31,"Madison, WI","WI",87,1490,0.00743745774171738,0.0170648464163823,0.0405027932960894,219543
2019-05-31,"Lakeland, FL","FL",88,1295,0.01171875,0.0220994475138122,0.048582995951417,190712
2019-05-31,"Ogden, UT","UT",89,1529,0.0072463768115942,0.0145985401459854,0.0647632311977716,184572
2019-05-31,"Daytona Beach, FL","FL",90,1442,0.0048780487804878,0.00980392156862745,0.04644412191582,252445
2019-05-31,"Des Moines, IA","IA",91,1316,0.00228484386900229,0.00304878048780488,0.0162162162162162,209054
2019-05-31,"Jackson, MS","MS",92,1239,0.00405186385737439,0.0106035889070147,0.000807754442649435,178839
2019-05-31,"Youngstown, OH","OH",93,833,0.0036144578313253,0.01338199513382,0.0464824120603015,209568
2019-05-31,"Augusta, GA","GA",94,945,0.00746268656716418,0.0128617363344051,0.00212089077412513,230587
2019-05-31,"Scranton, PA","PA",95,959,-0.0103199174406605,-0.0123583934088568,-0.0303336703741153,203582
2019-05-31,"Harrisburg, PA","PA",96,1299,-0.00153727901614143,0,0.022029897718332,183262
2019-05-31,"Melbourne, FL","FL",97,1477,0.00956937799043062,0.0186206896551724,0.0572655690765927,237680
2019-05-31,"Chattanooga, TN","TN",98,1218,0.00412201154163232,0.0124688279301746,0.0183946488294314,200948
2019-05-31,"Spokane, WA","WA",99,1367,0.00960118168389956,0.0156017830609212,0.0564142194744977,176711
2019-05-31,"Provo, UT","UT",100,1501,0.00267201068804275,0.00535833891493637,0.027378507871321,146766
2019-05-31,"Lancaster, PA","PA",101,1234,-0.00403551251008878,-0.00483870967741936,0.0326359832635983,150978
2019-05-31,"Modesto, CA","CA",102,1570,0.00705580500320718,0.0122501611863314,0.0910354412786657,132015
2019-05-31,"Durham, NC","NC",103,1439,0.00488826815642458,0.0133802816901408,0.0300644237652112,160714
2019-05-31,"Santa Rosa, CA","CA",104,2801,-0.00178189593727726,-0.00355745286374956,-0.0237016382014639,144828
2019-05-31,"Lexington, KY","KY",105,1204,0,0.00417014178482068,0.0160337552742616,168483
2019-05-31,"Lafayette, LA","LA",106,1124,-0.0174825174825175,-0.0251517779705117,-0.0327022375215146,135889
2019-05-31,"Lansing, MI","MI",107,1159,-0.0252312867956266,-0.037375415282392,-0.00600343053173242,144350
2019-05-31,"Fayetteville, AR","AR",108,1172,0.00860585197934595,0.0164787510841284,0.0271691498685364,149206
2019-05-31,"Pensacola, FL","FL",109,1232,0.00900900900900901,0.0207125103562552,0.0602409638554217,168719
2019-05-31,"Visalia, CA","CA",110,1233,0.0016246953696182,0.00488997555012225,0.0335289186923722,112449
2019-05-31,"Shreveport, LA","LA",111,1005,-0.0166340508806262,-0.0261627906976744,0.0151515151515152,145917
2019-05-31,"Springfield, MO","MO",112,861,0.00232828870779977,0.0105633802816901,0.0436363636363636,125858
2019-05-31,"York, PA","PA",113,1300,-0.00306748466257669,-0.00153609831029186,0.043338683788122,146012
2019-05-31,"Corpus Christi, TX","TX",114,1368,-0.00509090909090909,-0.00509090909090909,0.00293255131964809,141857
2019-05-31,"Reno, NV","NV",115,1774,0.00623936471922859,0.0119794637763833,0.0497041420118343,140232
2019-05-31,"Asheville, NC","NC",116,1445,0.00347222222222222,0.00907821229050279,0.0373295046661881,160858
2019-05-31,"Port St. Lucie, FL","FL",117,1612,0.00186451211932878,0.0075,0.041343669250646,196688
2019-05-31,"Huntsville, AL","AL",118,1186,0.0110826939471441,0.0241796200345423,0.081130355515041,133798
2019-05-31,"Fort Wayne, IN","IN",119,1109,0.000902527075812274,0.00452898550724638,0.00909918107370337,142214
2019-05-31,"Salinas, CA","CA",120,2673,0.0163498098859316,0.0272867025365104,0.0808734330772341,88758
2019-05-31,"Vallejo, CA","CA",121,2254,0.0075994635672776,0.0134892086330935,0.0622054665409991,124637
2019-05-31,"Mobile, AL","AL",122,961,-0.00103950103950104,0.00523012552301255,0.0422993492407809,139698
2019-05-31,"Reading, PA","PA",123,1295,0.00387596899224806,0.0125097732603597,0.0409967845659164,115388
2019-05-31,"Brownsville, TX","TX",124,929,0.00868621064060804,0.0153005464480874,-0.00853788687299893,129782
2019-05-31,"Killeen, TX","TX",125,1032,-0.000968054211035818,0,0.0382293762575453,126666
2019-05-31,"Canton, OH","OH",126,934,-0.0147679324894515,-0.0158061116965227,-0.00638297872340425,143592
2019-05-31,"Beaumont, TX","TX",127,1182,-0.012531328320802,-0.0158201498751041,-0.013355592654424,131630
2019-05-31,"Manchester, NH","NH",128,1847,0.000541711809317443,0,0.044683257918552,150800
2019-05-31,"Salem, OR","OR",129,1565,0.00449293966623877,0.00967741935483871,0.0447263017356475,104478
2019-05-31,"Anchorage, AK","AK",130,1754,0.000570450656018254,0.00400686891814539,0.0115340253748558,108069
2019-05-31,"Davenport, IL","IL",131,1003,0.0255623721881391,0.0513626834381551,0.0447916666666667,141052
2019-05-31,"Myrtle Beach, SC","SC",132,1295,-0.000771604938271605,0.000772797527047913,0.032695374800638,246080
2019-05-31,"Montgomery, AL","AL",133,935,-0.00531914893617021,-0.00637619553666312,-0.00213447171824973,147792
2019-05-31,"Salisbury, MD","DE",134,1352,0.00820283370618941,0.0112191473448018,0.00970873786407767,199843
2019-05-31,"Gulfport, MS","MS",135,1050,-0.000951474785918173,0.00286532951289398,0.0479041916167665,121965
2019-05-31,"Tallahassee, FL","FL",136,1262,0.0112179487179487,0.0210355987055016,0.0525437864887406,103312
2019-05-31,"Trenton, NJ","NJ",137,1909,0.00368033648790747,0.00632577754348972,0.0010487676979549,114870
2019-05-31,"Fayetteville, NC","NC",138,903,0.00221975582685905,0.0078125,0.015748031496063,116588
2019-05-31,"Hickory, NC","NC",139,1012,0.000989119683481701,0.00297324083250743,0.0686378035902851,166277
2019-05-31,"Huntington, WV","WV",140,909,-0.00764192139737991,-0.00872410032715376,0.00220507166482911,118546
2019-05-31,"Eugene, OR","OR",141,1466,0.00756013745704467,0.0131306150656531,0.047891350964975,94958
2019-05-31,"Rockford, IL","IL",142,1143,0.00263157894736842,0.0106100795755968,0.0927342256214149,114692
2019-05-31,"Savannah, GA","GA",143,1306,0.00693909020817271,0.0116189000774593,0.0332278481012658,126705
2019-05-31,"Ann Arbor, MI","MI",144,1842,0.00108695652173913,0.00381471389645777,-0.0133904659882164,113909
2019-05-31,"Ocala, FL","FL",145,1189,0.00507185122569738,0.0127768313458262,0.0429824561403509,121341
2019-05-31,"Kalamazoo, MI","MI",146,1268,0,0.00237154150197628,0.0602006688963211,121159
2019-05-31,"South Bend, IN","IN",147,1014,0.000987166831194472,0.00595238095238095,0.0540540540540541,127540
2019-05-31,"Spartanburg, SC","SC",148,1115,0.00722673893405601,0.0127157129881926,0.0191956124314442,103685
2019-05-31,"Evansville, IN","IN",149,1000,0,0.00200400801603206,0.00704934541792548,115917
2019-05-31,"Kingsport, TN","TN",150,1018,-0.00391389432485323,0.00196850393700787,0.0637408568443051,113057
2019-05-31,"Roanoke, VA","VA",151,1164,-0.0127226463104326,-0.0202020202020202,0.0192644483362522,130165
2019-05-31,"Lincoln, NE","NE",152,1325,0.00837138508371385,0.0153256704980843,0.0271317829457364,93729
2019-05-31,"Fort Collins, CO","CO",153,1781,0.00963718820861678,0.0177142857142857,0.0282909930715935,116298
2019-05-31,"Columbus, GA","GA",154,915,-0.0043525571273123,-0.00109170305676856,0.0269360269360269,91953
2019-05-31,"Boulder, CO","CO",155,2307,0.00391644908616188,0.00654450261780105,0.0368539325842697,107074
2019-05-31,"Lubbock, TX","TX",156,1162,0.00519031141868512,0.0104347826086957,0.0192982456140351,87371
2019-05-31,"Erie, PA","PA",157,1000,0.026694045174538,0.0482180293501048,0.0615711252653928,83092
2019-05-31,"Fort Smith, AR","AR",158,836,-0.0164705882352941,-0.0153121319199058,-0.0153121319199058,78851
2019-05-31,"Duluth, MN","MN",159,1138,0.00176056338028169,0.00707964601769911,-0.00611353711790393,117362
2019-05-31,"Atlantic City, NJ","NJ",160,1491,0.00743243243243243,0.0184426229508197,0.0268595041322314,112952
2019-05-31,"New London, CT","CT",161,1484,0.000674308833445718,0.000674308833445718,0.00202565833896016,94286
2019-05-31,"San Luis Obispo, CA","CA",162,2486,0.00363342753330642,0.00607041683528936,0.0167689161554192,87808
2019-05-31,"Gainesville, FL","FL",163,1374,0.0102941176470588,0.0200445434298441,0.0651162790697674,74546
2019-05-31,"Santa Cruz, CA","CA",164,3134,0.00223856731691717,0.00513149454778704,0.0457123790457124,64144
2019-05-31,"Clarksville, TN","TN",165,1029,0.00783545543584721,0.014792899408284,0.0478615071283096,92007
2019-05-31,"Cedar Rapids, IA","IA",166,1125,0.00806451612903226,0.016260162601626,-0.00442477876106195,105961
2019-05-31,"Merced, CA","CA",167,1374,0.00807043286867205,0.0147710487444609,0.0709275136399065,60851
2019-05-31,"Wilmington, NC","NC",168,1462,0.0110650069156293,0.0230930720783765,0.0918595967139657,116874
2019-05-31,"Kennewick, WA","WA",169,1494,0.00945945945945946,0.0156356220258328,0.0375,76894
2019-05-31,"Greeley, CO","CO",170,1741,0.00694042799305957,0.0127981384525887,0.0596469872185027,92838
2019-05-31,"Waco, TX","TX",171,1183,-0.0125208681135225,-0.0141666666666667,0.0295909486510009,74594
2019-05-31,"Olympia, WA","WA",172,1717,0.00762910798122066,0.0117855038302887,0.0501529051987768,91754
2019-05-31,"Amarillo, TX","TX",173,1171,0.000854700854700855,0.00256849315068493,-0.0143097643097643,79611
2019-05-31,"Binghamton, NY","NY",174,1135,-0.0265866209262436,-0.0323955669224211,-0.0557404326123128,73155
2019-05-31,"Hagerstown, WV","MD",175,1219,0.00164338537387017,0.00494641384995878,0.0235096557514694,89343
2019-05-31,"Bremerton, WA","WA",176,1850,0.0136986301369863,0.0237963475373547,0.0699826489300173,85614
2019-05-31,"Laredo, TX","TX",177,1155,0.000866551126516464,0.00434782608695652,0.0414788097385031,57292
2019-05-31,"Lynchburg, VA","VA",178,1132,-0.00962379702537183,-0.013077593722755,0.0309653916211293,82954
2019-05-31,"Yakima, WA","WA",179,1192,0.00336700336700337,0.00760777683854607,0.0383275261324042,66377
2019-05-31,"Topeka, KS","KS",180,969,-0.00103092783505155,0.00518672199170124,0.0625,80288
2019-05-31,"Macon-Bibb County, GA","GA",181,1003,0.003,0.0100704934541793,0.0110887096774194,64129
2019-05-31,"Champaign-Urbana, IL","IL",182,1141,-0.000875656742556918,0.00087719298245614,0.0115248226950355,72389
2019-05-31,"Tuscaloosa, AL","AL",183,1245,-0.004,0,0.0130187144019528,102104
2019-05-31,"College Station, TX","TX",184,1406,0.00285306704707561,0.00788530465949821,0.00572246065808297,57073
2019-05-31,"Sioux Falls, SD","SD",185,1191,-0.00334728033472803,-0.00251256281407035,0.00846740050804403,62240
2019-05-31,"Charleston, WV","WV",186,823,-0.0155502392344498,-0.0271867612293144,-0.0700564971751412,111902
2019-05-31,"Chico, CA","CA",187,1550,0.0177281680892974,0.0340226817878586,0.0741510741510742,61222
2019-05-31,"Charlottesville, VA","VA",188,1552,0.000644745325596389,0.00583279325988334,0.0710835058661146,80929
2019-05-31,"Claremont, NH","NH",189,1512,0.000661813368630046,0.00531914893617021,0.0640394088669951,97327
2019-05-31,"Barnstable Town, MA","MA",190,1955,0.0354872881355932,0.0539083557951483,0.0759493670886076,151741
2019-05-31,"Longview, TX","TX",191,1200,-0.00249376558603491,0,0.0109519797809604,54816
2019-05-31,"Prescott, AZ","AZ",192,1582,0.00636132315521628,0.0128040973111396,0.0259403372243839,80094
2019-05-31,"Tyler, TX","TX",193,1235,0.000810372771474879,0.000810372771474879,0.0106382978723404,61095
2019-05-31,"Las Cruces, NM","NM",194,1038,0.00484027105517909,0.00972762645914397,0.0297619047619048,55570
2019-05-31,"Fargo, ND","ND",195,1359,0.0141791044776119,0.0233433734939759,0.046189376443418,54494
2019-05-31,"Rochester, MN","MN",196,1390,0.00216294160057678,0.0101744186046512,0.0610687022900763,80046
2019-05-31,"Florence, SC","SC",197,1004,0.00199600798403194,0.00803212851405622,0.0624338624338624,75024
2019-05-31,"Medford, OR","OR",198,1552,0.000644745325596389,0.00258397932816538,0.0123939986953686,51461
2019-05-31,"Lafayette-West Lafayette, IN","IN",199,1146,0.0026246719160105,0.00526315789473684,0.0399274047186933,57523
2019-05-31,"Bellingham, WA","WA",200,1766,0.0085665334094803,0.0137772675086108,0.135691318327974,72199
2019-05-31,"Lake Havasu City, AZ","AZ",201,1250,0.00806451612903226,0.0105092966855295,0.0212418300653595,73909
2019-05-31,"Johnson City, TN","TN",202,963,-0.0082389289392379,-0.0102774922918808,0.0365984930032293,87536
2019-05-31,"Yuma, AZ","AZ",203,927,0.00651465798045603,0.0164473684210526,0.0311457174638487,44455
2019-05-31,"Racine, WI","WI",204,1227,0.0132122213047069,0.025062656641604,0.0868024800708592,63488
2019-05-31,"Athens, GA","GA",205,1290,0,0.00702576112412178,0.0758965804837364,59605
2019-05-31,"Torrington, CT","CT",206,1537,-0.0141116100064144,-0.0185185185185185,-0.00129954515919428,73603
2019-05-31,"St. Cloud, MN","MN",207,1281,-0.0183908045977011,-0.0243716679360244,-0.00851393188854489,61961
2019-05-31,"Hilton Head Island, SC","SC",208,1797,-0.00222098833981122,-0.00111172873818788,0.0268571428571429,92938
2019-05-31,"Hilo, HI","HI",209,1821,-0.00437397484964461,-0.00109709270433352,0.0544296467863347,68125
2019-05-31,"Kingston, NY","NY",210,1704,-0.00814901047729918,-0.0121739130434783,0.0118764845605701,58207
2019-05-31,"Daphne, AL","AL",211,1437,-0.000695410292072323,0.00139372822299652,0.0550660792951542,90545
2019-05-31,"Gainesville, GA","GA",212,1384,0.00289855072463768,0.00654545454545455,0.060536398467433,55669
2019-05-31,"Warner Robins, GA","GA",213,1042,0.00773694390715667,0.0136186770428016,0.0525252525252525,58562
2019-05-31,"Blacksburg, VA","VA",214,1179,0.00683176771989752,0.00683176771989752,0.0342105263157895,51371
2019-05-31,"Jacksonville, NC","NC",215,943,0.00963597430406852,0.0238870792616721,0.0631341600901917,62774
2019-05-31,"Redding, CA","CA",216,1454,0.00762300762300762,0.0139470013947001,0.0866965620328849,50968
2019-05-31,"Joplin, MO","MO",217,784,0.00127713920817369,0.00255754475703325,-0.0138364779874214,38968
2019-05-31,"El Centro, CA","CA",218,1183,0.00595238095238095,0.00424448217317487,0.10046511627907,35256
2019-05-31,"Terre Haute, IN","IN",219,767,0.00788436268068331,0.0185922974767596,0.0281501340482574,60036
2019-05-31,"East Stroudsburg, PA","PA",220,1336,0.0159695817490494,0.0284834488067744,0.0324574961360124,76361
2019-05-31,"Sioux City, IA","IA",221,1063,0.00758293838862559,0.0152817574021012,0.0221153846153846,54312
2019-05-31,"Greenville, NC","NC",222,1067,0.00470809792843691,0.00946073793755913,0.0766902119071645,55493
2019-05-31,"Yuba City, CA","CA",223,1516,0.0106666666666667,0.0140468227424749,0.0557103064066852,43010
2019-05-31,"Abilene, TX","TX",224,1054,0.00380952380952381,0.00668576886341929,0.0518962075848303,50277
2019-05-31,"Columbia, MO","MO",225,1124,0.00357142857142857,0.0017825311942959,0.00267618198037466,48331
2019-05-31,"Dover, DE","DE",226,1288,-0.000775795190069822,0.000777000777000777,0.0312249799839872,48995
2019-05-31,"Eau Claire, WI","WI",227,1112,-0.008028545941124,-0.00714285714285714,0.0324976787372331,50264
2019-05-31,"Janesville, WI","WI",228,910,0.019036954087346,0.0329171396140749,0.119311193111931,64875
2019-05-31,"Jackson, MI","MI",229,930,-0.00958466453674121,-0.0179514255543823,-0.0606060606060606,62149
2019-05-31,"Punta Gorda, FL","FL",230,1688,-0.0174621653084983,-0.0214492753623188,-0.0163170163170163,91354
2019-05-31,"Bloomington, IN","IN",231,1252,0.00805152979066022,0.0154095701540957,0.0442035029190992,55866
2019-05-31,"Pueblo, CO","CO",232,1138,0.00352733686067019,0.00707964601769911,0.0298642533936652,56775
2019-05-31,"Billings, MT","MT",233,1278,0.00709219858156028,0.0118764845605701,0.0306451612903226,54350
2019-05-31,"Bowling Green, KY","KY",234,1120,0.0081008100810081,0.0144927536231884,0.108910891089109,40373
2019-05-31,"Bend, OR","OR",235,1766,0.00799086757990868,0.0137772675086108,0.0555887627017334,64943
2019-05-31,"Albany, GA","GA",236,940,-0.00212314225053079,0.00106496272630458,0.0162162162162162,38516
2019-05-31,"Vineland, NJ","NJ",237,1243,0.00241935483870968,0.00403877221324717,-0.0166139240506329,44034
2019-05-31,"Ottawa, IL","IL",238,1009,-0.0184824902723735,-0.0288739172281039,0.01001001001001,58043
2019-05-31,"State College, PA","PA",239,1510,-0.004614370468029,-0.00657894736842105,0.0529986052998605,31628
2019-05-31,"Bangor, ME","ME",240,1176,-0.00675675675675676,0.00426985482493595,-0.0191826522101751,52687
2019-05-31,"Alexandria, LA","LA",241,1036,-0.0477941176470588,-0.0708520179372197,-0.0556061987237922,37499
2019-05-31,"Decatur, AL","AL",242,858,0.00941176470588235,0.0263157894736842,0.0214285714285714,56531
2019-05-31,"Hanford, CA","CA",243,1229,0.0090311986863711,0.0190713101160862,0.068695652173913,28701
2019-05-31,"Iowa City, IA","IA",244,1401,0.00214592274678112,0.00574300071787509,-0.0270833333333333,53706
2019-05-31,"Wichita Falls, TX","TX",245,911,0.008859357696567,0.0190156599552573,0.0144766146993318,45143
2019-05-31,"Burlington, NC","NC",246,1053,-0.00284090909090909,0.00285714285714286,0.0957336108220603,50404
2019-05-31,"Madera, CA","CA",247,1336,0.000749063670411985,0.00375657400450789,0.0628480509148767,38155
2019-05-31,"Jefferson City, MO","MO",248,912,-0.0256410256410256,-0.0256410256410256,-0.0204081632653061,41839
2019-05-31,"Chambersburg, PA","PA",249,1129,-0.0017683465959328,-0.00616197183098592,0,43961
2019-05-31,"Texarkana, TX","TX",250,953,-0.00729166666666667,-0.00625651720542232,-0.0975378787878788,37544
2019-05-31,"Elizabethtown, KY","KY",251,1035,0.000967117988394584,0.00290697674418605,0.0207100591715976,39831
2019-05-31,"Florence, AL","AL",252,875,-0.015748031496063,-0.015748031496063,0.00344036697247706,54376
2019-05-31,"Grand Junction, CO","CO",253,1306,0.00230237912509593,0.00849420849420849,0.0892410341951626,52923
2019-05-31,"Concord, NH","NH",254,1599,-0.00373831775700935,-0.00435865504358655,0.000625782227784731,54631
2019-05-31,"Dothan, AL","AL",255,922,0.00765027322404372,0.0210409745293466,0.0313199105145414,42547
2019-05-31,"Santa Fe, NM","NM",256,1887,-0.00474683544303797,-0.00422163588390501,0.0789022298456261,57335
2019-05-31,"Johnstown, PA","PA",257,686,0.00734214390602056,0.0178041543026706,0.00292397660818713,46620
2019-05-31,"Traverse City, MI","MI",258,1328,-0.0119047619047619,-0.0235294117647059,0.030256012412723,88727
2019-05-31,"Hattiesburg, MS","MS",259,1151,0.000869565217391304,0.0043630017452007,0.0588776448942042,42753
2019-05-31,"Homosassa Springs, FL","FL",260,1198,0.000835421888053467,0.000835421888053467,0.00672268907563025,59812
2019-05-31,"Auburn, AL","AL",261,1259,0.0186084142394822,0.0379225061830173,0.0227457351746548,38526
2019-05-31,"Valdosta, GA","GA",262,1002,-0.00496524329692155,-0.00397614314115308,0.0547368421052632,37292
2019-05-31,"Coeur d'Alene, ID","ID",263,1476,0.015130674002751,0.0186335403726708,0.055793991416309,66675
2019-05-31,"Springfield, OH","OH",264,821,-0.0167664670658683,-0.0167664670658683,0.0301129234629862,48150
2019-05-31,"St. George, UT","UT",265,1506,0.00668449197860963,0.0127774041694687,0.05981703026038,57936
2019-05-31,"Vero Beach, FL","FL",266,1582,0.00636132315521628,0.0160565189466924,0.0306188925081433,69278
2019-05-31,"Napa, CA","CA",267,2934,-0.00710659898477157,-0.00878378378378378,0.0298350298350298,32517
2019-05-31,"Tupelo, MS","MS",268,1089,-0.00547945205479452,-0.00274725274725275,0.00461254612546125,37395
2019-05-31,"Eureka, CA","CA",269,1539,-0.00581395348837209,-0.00452781371280724,0.0739706908583392,30416
2019-05-31,"Rapid City, SD","SD",270,1285,-0.0153256704980843,-0.0198321891685736,0.0158102766798419,32864
2019-05-31,"Lumberton, NC","NC",271,801,-0.0255474452554745,-0.039568345323741,-0.0171779141104294,17561
2019-05-31,"Wausau, WI","WI",272,1003,-0.0252672497570457,-0.0346487006737247,-0.00397219463753724,52249
2019-05-31,"Lebanon, PA","PA",273,1143,-0.0171969045571797,-0.0288870008496177,0.00175284837861525,39537
2019-05-31,"Idaho Falls, ID","ID",274,1159,-0.000862068965517241,0.00259515570934256,0.0555555555555556,43447
2019-05-31,"Sierra Vista, AZ","AZ",275,920,0.00108813928182807,0.00656455142231947,0.0697674418604651,36313
2019-05-31,"Lawton, OK","OK",276,738,0.00271739130434783,0.00544959128065395,0.0350631136044881,41426
2019-05-31,"Farmington, NM","NM",277,1090,0.00368324125230203,0.00275988960441582,-0.00909090909090909,27248
2019-05-31,"Jackson, TN","TN",278,919,0.00108932461873638,0.00327510917030568,0.0245261984392419,55754
2019-05-31,"Morgantown, WV","WV",279,1115,-0.0141467727674624,-0.0253496503496504,-0.00535236396074933,43363
2019-05-31,"Winchester, VA","VA",280,1380,-0.00144717800289436,-0.000724112961622013,0.0229799851742031,43490
2019-05-31,"New Bern, NC","NC",281,1066,0.0133079847908745,0.0181470869149952,0.070281124497992,42200
2019-05-31,"Logan, ID","UT",282,1078,0.0065359477124183,0.00936329588014981,-0.0560420315236427,10910
2019-05-31,"Harrisonburg, VA","VA",283,1219,-0.0153473344103393,-0.021669341894061,0.0646288209606987,33491
2019-05-31,"Beckley, WV","WV",284,795,-0.00250941028858218,-0.00250941028858218,0.014030612244898,41179
2019-05-31,"Weirton, OH","OH",285,758,-0.005249343832021,0.00397350993377483,-0.029449423815621,45760
2019-05-31,"Goldsboro, NC","NC",286,965,-0.0163098878695209,-0.0212981744421907,0.0782122905027933,13053
2019-05-31,"Hammond, LA","LA",287,1192,-0.00749375520399667,-0.0132450331125828,0.00505902192242833,31440
2019-05-31,"Jonesboro, AR","AR",288,971,-0.00817160367722165,-0.0112016293279022,-0.0231388329979879,38263
2019-05-31,"Sherman, TX","TX",289,1319,0.00304182509505703,0.010727969348659,0.151965065502183,42985
2019-05-31,"Anniston, AL","AL",290,775,0.0038860103626943,0.00258732212160414,0.0333333333333333,45604
2019-05-31,"Staunton, VA","VA",291,1233,-0.0143884892086331,-0.0159616919393456,-0.00242718446601942,42345
2019-05-31,"Mount Vernon, WA","WA",292,1686,-0.00236686390532544,-0.00530973451327434,0.0107913669064748,51657
2019-05-31,"Albany, OR","OR",293,1425,0.00352112676056338,0.0113555713271824,0.0493372606774669,32586
2019-05-31,"Watertown, NY","NY",294,1190,-0.00584795321637427,-0.00750625521267723,0.00762066045723963,28841
2019-05-31,"Williamsport, PA","PA",295,1010,-0.0344168260038241,-0.0471698113207547,0.0285132382892057,34780
2019-05-31,"Cleveland, TN","TN",296,969,-0.0172413793103448,-0.0202224469160768,-0.0271084337349398,51225
2019-05-31,"Sheboygan, WI","WI",297,1061,-0.0130232558139535,-0.0274977085242896,-0.0221198156682028,37439
2019-05-31,"Owensboro, KY","KY",298,997,-0.003,-0.002002002002002,0.0583864118895966,35554
2019-05-31,"Dunn, NC","NC",299,1146,0.000873362445414847,0.000873362445414847,0.0195729537366548,25134
2019-05-31,"Morristown, TN","TN",300,1031,-0.0115052732502397,-0.0133971291866029,0.0403632694248234,46534
2019-05-31,"Kankakee, IL","IL",301,1182,0.0154639175257732,0.0332167832167832,0.0755232029117379,35138
2019-05-31,"Brunswick, GA","GA",302,1400,0.00430416068866571,0.0167029774872912,0.0574018126888217,40377
2019-05-31,"San Angelo, TX","TX",303,1226,-0.000814995925020375,0.00327332242225859,0.0259414225941423,31242
2019-05-31,"Michigan City, IN","IN",304,923,0.013172338090011,0.0232815964523282,-0.0243128964059197,70969
2019-05-31,"Wenatchee, WA","WA",305,1663,0.0134064594759293,0.0240147783251232,0.0784695201037613,42787
2019-05-31,"Lawrence, KS","KS",306,1327,-0.000753012048192771,0.00150943396226415,0.0091254752851711,28151
2019-05-31,"Decatur, IL","IL",307,940,-0.023883696780893,-0.0279214064115822,-0.00739176346356917,41449
2019-05-31,"Missoula, MT","MT",308,1397,-0.00356633380884451,-0.00356633380884451,0.0189642596644785,37831
2019-05-31,"Lewiston, ME","ME",309,1242,-0.0266457680250784,-0.0409266409266409,0.0105777054515867,37280
2019-05-31,"Roseburg, OR","OR",310,1135,0.00265017667844523,0.00620567375886525,0.0850860420650096,32715
2019-05-31,"Sumter, SC","SC",311,823,-0.0190703218116806,-0.0283353010625738,-0.0190703218116806,50198
2019-05-31,"Meridian, MS","MS",312,888,-0.0133333333333333,-0.0122358175750834,0.0254041570438799,31228
2019-05-31,"Bluefield, WV","WV",313,831,-0.0223529411764706,-0.0246478873239437,-0.0165680473372781,29840
2019-05-31,"Danville, VA","VA",314,884,-0.0188679245283019,-0.0275027502750275,0.011441647597254,37696
2019-05-31,"Lima, OH","OH",315,928,-0.0021505376344086,0.014207650273224,0.0930506478209658,34835
2019-05-31,"Cookeville, TN","TN",316,1020,-0.0135396518375242,-0.0163934426229508,0.0625,43399
2019-05-31,"California-Lexington Park, MD","MD",317,1629,-0.0109289617486339,-0.0115291262135922,0.0200375704445836,46148
2019-05-31,"Gadsden, AL","AL",318,856,-0.023945267958951,-0.0316742081447964,0.00943396226415094,31888
2019-05-31,"Longview, WA","WA",319,1436,0.0184397163120567,0.0279169649248389,0.0756554307116105,32146
2019-05-31,"Ithaca, NY","NY",320,1639,0.0117283950617284,0.021183800623053,-0.0564191134139321,21052
2019-05-31,"Gettysburg, PA","PA",321,1342,0.00599700149925038,0.00978179082016554,0.0500782472613459,59419
2019-05-31,"Pine Bluff, AR","AR",322,745,-0.00267737617135207,-0.00401069518716578,0.00269179004037685,22863
2019-05-31,"Tullahoma, TN","TN",323,1158,-0.0102564102564103,-0.0153061224489796,0.0330062444246209,38307
2019-05-31,"Richmond, KY","KY",324,992,-0.0245821042281219,-0.0359572400388727,-0.00201207243460765,29773
2019-05-31,"Adrian, MI","MI",325,992,-0.0433944069431051,-0.0641509433962264,-0.0711610486891386,38637
2019-05-31,"Twin Falls, ID","ID",326,1091,0.00460405156537753,0.00831792975970425,-0.0421422300263389,29831
2019-05-31,"Corning, NY","NY",327,1209,-0.03125,-0.0495283018867924,-0.0620636152055857,27884
2019-05-31,"Sebring, FL","FL",328,1116,-0.008,-0.008,-0.008,40850
2019-05-31,"Truckee, CA","CA",329,2077,-0.00574437529918621,0.000481695568400771,0.119073275862069,45066
2019-05-31,"Paducah, KY","KY",330,926,-0.0190677966101695,-0.0242360379346681,-0.0159404888416578,25506
2019-05-31,"Grand Forks, ND","ND",331,1105,-0.0374564459930314,-0.0539383561643836,-0.0659340659340659,16498
2019-05-31,"Fairbanks, AK","AK",332,1653,-0.00899280575539568,-0.016656751933373,0.00669914738124239,20187
2019-05-31,"Mankato, MN","MN",333,1347,0.00297840655249442,0.00823353293413174,0.0698967434471803,24880
2019-05-31,"Cape Girardeau, MO","MO",334,941,0,0.00857449088960343,0.0490523968784838,39758
2019-05-31,"Hot Springs, AR","AR",335,1031,-0.0152817574021012,-0.0273584905660377,-0.0916299559471366,33868
2019-05-31,"Sunbury, PA","PA",336,738,0.00544959128065395,0.015130674002751,-0.0199203187250996,39586
2019-05-31,"Clarksburg, WV","WV",337,889,0.00793650793650794,0.0183276059564719,0.0471142520612485,28883
2019-05-31,"Dubuque, IA","IA",338,1135,0.0179372197309417,0.0308810172570391,-0.0147569444444444,35303
2019-05-31,"Albertville, AL","AL",339,917,-0.0150375939849624,-0.0182012847965739,-0.00542299349240781,33951
2019-05-31,"Manhattan, KS","KS",340,1209,-0.000826446280991736,0.00415282392026578,-0.0242130750605327,23850
2019-05-31,"Parkersburg, WV","WV",341,872,-0.0102156640181612,-0.0169109357384442,0.0307328605200946,32207
2019-05-31,"Orangeburg, SC","SC",342,916,-0.0286320254506893,-0.0448383733055266,-0.00542888165038002,24423
2019-05-31,"Cheyenne, WY","WY",343,1239,0.0526762956669499,0.0964601769911504,-0.0483870967741935,32248
2019-05-31,"Brainerd, MN","MN",344,1263,-0.0163551401869159,-0.0232018561484919,0.0120192307692308,46206
2019-05-31,"Kalispell, MT","MT",345,1449,0.00138217000691085,0.00415800415800416,0.0462093862815884,24745
2019-05-31,"Ames, IA","IA",346,1153,-0.040765391014975,-0.0580065359477124,-0.104118104118104,30951
2019-05-31,"Bozeman, MT","MT",347,1740,0.0157618213660245,0.0253388332351208,0.0326409495548961,28434
2019-05-31,"Moses Lake, WA","WA",348,1047,0.0155189136760427,0.030511811023622,0.0586450960566229,25882
2019-05-31,"Hermiston-Pendleton, OR","OR",349,1290,-0.0249433106575964,-0.0380313199105145,0.0303514376996805,21180
2019-05-31,"Zanesville, OH","OH",350,911,-0.0130010834236186,-0.0235798499464094,0.0190156599552573,29950
2019-05-31,"Corvallis, OR","OR",351,1881,0.0069593147751606,0.012924071082391,0.0496651785714286,25433
2019-05-31,"Russellville, AR","AR",352,883,-0.00786516853932584,-0.0111982082866741,0.0388235294117647,25420
2019-05-31,"Midland, MI","MI",353,1107,-0.0423875432525952,-0.0489690721649485,0.0906403940886699,30326
2019-05-31,"Kokomo, IN","IN",354,821,0.0160891089108911,0.0275344180225282,0.00244200244200244,32375
2019-05-31,"Grants Pass, OR","OR",355,1383,0.0259643916913947,0.0359550561797753,0.0622119815668203,14559
2019-05-31,"Huntsville, TX","TX",356,1286,0.0039032006245121,0.00547302580140735,0.0102120974076984,11874
2019-05-31,"Plattsburgh, NY","NY",357,1508,0.0342935528120713,0.0321697467488022,0.00466355762824783,21643
2019-05-31,"Grand Island, NE","NE",358,1117,-0.0106288751107174,-0.0158590308370044,-0.0320623916811092,22669
2019-05-31,"DuBois, PA","PA",359,897,-0.0497881355932203,-0.0646506777893639,-0.0497881355932203,31445
2019-05-31,"Great Falls, MT","MT",360,1219,-0.00732899022801303,-0.006519967400163,0.0356839422259983,26581
2019-05-31,"Portsmouth, OH","OH",361,903,0.00110864745011086,0.00668896321070234,0.075,17147
2019-05-31,"Oak Harbor, WA","WA",362,1691,0.00654761904761905,0.01378896882494,0.0254699818071559,40041
2019-05-31,"Hinesville, GA","GA",363,1021,0.00196270853778214,0.00591133004926108,-0.0248328557784145,18217
2019-05-31,"Stillwater, OK","OK",364,1154,-0.00688468158347677,-0.0128314798973482,-0.0170357751277683,15423
2019-05-31,"Quincy, IL","IL",365,998,-0.0495238095238095,-0.0759259259259259,-0.0960144927536232,22956
2019-05-31,"Keene, NH","NH",366,1450,-0.00752908966461328,-0.014945652173913,0.0111576011157601,22033
2019-05-31,"Searcy, AR","AR",367,884,-0.0210409745293466,-0.0328227571115974,0.0363423212192263,24227
2019-05-31,"Columbus, IN","IN",368,1188,0.00253164556962025,0.00677966101694915,-0.00251889168765743,29610
2019-05-31,"Roanoke Rapids, NC","NC",369,900,0.0158013544018059,0.0262257696693273,0.0739856801909308,15699
2019-05-31,"Centralia, WA","WA",370,1254,-0.0180109631949883,-0.013375295043273,0.0857142857142857,24853
2019-05-31,"Helena, MT","MT",371,1289,-0.00309358081979892,-0.00540123456790123,0.0378421900161031,15770
2019-05-31,"Palatka, FL","FL",372,1034,0.00485908649173955,0.00583657587548638,-0.0408163265306122,17796
2019-05-31,"Mount Airy, NC","NC",373,1060,-0.00749063670411985,-0.0102707749766573,0.0927835051546392,13165
2019-05-31,"Key West, FL","FL",374,3380,-0.00412492634060106,-0.00412492634060106,0.0223835450695705,44733
2019-05-31,"Aberdeen, WA","WA",375,1069,0.0259117082533589,0.0408958130477118,0.110072689511942,32135
2019-05-31,"Gallup, NM","NM",376,1122,0.0369685767097967,0.0635071090047393,0.107601184600197,3566
2019-05-31,"Port Angeles, WA","WA",377,1471,-0.00135777325186694,-0.00540906017579446,0.0179930795847751,29949
2019-05-31,"Greenfield Town, MA","MA",378,1711,-0.0414565826330532,-0.0690968443960827,-0.0300453514739229,25260
2019-05-31,"Muskogee, OK","OK",379,667,-0.00298953662182362,0,0.0277349768875193,32568
2019-05-31,"Frankfort, KY","KY",380,1031,-0.01434034416826,-0.0152817574021012,0.0361809045226131,26418
2019-05-31,"Statesboro, GA","GA",381,1087,-0.00275229357798165,-0.00821167883211679,0.000920810313075506,17462
2019-05-31,"Shawnee, OK","OK",382,811,-0.00368550368550369,0.00123456790123457,0.0214105793450882,31003
2019-05-31,"North Wilkesboro, NC","NC",383,1102,-0.0081008100810081,-0.018699910952805,0.0515267175572519,18144
2019-05-31,"Richmond, IN","IN",384,810,-0.00735294117647059,-0.0133982947624848,0.021437578814628,27662
2019-05-31,"Greeneville, TN","TN",385,827,-0.021301775147929,-0.031615925058548,0.123641304347826,41804
2019-05-31,"Martinsville, VA","VA",386,913,-0.012972972972973,-0.0193340494092374,0.0032967032967033,23906
2019-05-31,"Forest City, NC","NC",387,1026,0.00984251968503937,0.0168483647175421,0.0743455497382199,44402
2019-05-31,"Lake City, FL","FL",388,1202,-0.0139458572600492,-0.0203748981255094,0.0415944540727903,14711
2019-05-31,"LaGrange, GA","GA",389,957,-0.00208550573514077,0.0148462354188759,0.0924657534246575,22264
2019-05-31,"Marion, OH","OH",390,860,0.0153482880755608,0.0311750599520384,0.075,24016
2019-05-31,"Morehead City, NC","NC",391,1365,0.0171385991058122,0.0294117647058823,0.136552872606162,39371
2019-05-31,"Klamath Falls, OR","OR",392,1144,-0.00348432055749129,-0.00174520069808028,0.0352941176470588,24335
2019-05-31,"Marshall, TX","TX",393,962,0.00208333333333333,0.00417536534446764,0.0136986301369863,21011
2019-05-31,"Clearlake, CA","CA",394,1475,-0.0113941018766756,-0.0166666666666667,0.00067842605156038,22427
2019-05-31,"Hutchinson, KS","KS",395,764,-0.00650195058517555,-0.00907911802853437,-0.0365699873896595,22754
2019-05-31,"Faribault, MN","MN",396,1407,-0.0133239831697055,-0.0201949860724234,0.00932568149210904,36763
2019-05-31,"Elizabeth City, NC","NC",397,1140,0,-0.000876424189307625,0.0196779964221825,21491
2019-05-31,"Alamogordo, NM","NM",398,952,-0.00104931794333683,0.00527983104540655,0.0744920993227991,14750
2019-05-31,"Red Bluff, CA","CA",399,1214,0.0331914893617021,0.0538194444444444,0.0705467372134039,12642
2019-05-31,"Hudson, NY","NY",400,1704,0.0383912248628885,0.065,0.109375,21797
2019-05-31,"Coos Bay, OR","OR",401,1307,-0.00608365019011407,-0.00683890577507599,0.0348376880443389,22374
2019-05-31,"Walla Walla, WA","WA",402,1322,0.0153609831029186,0.0224284609435422,0.0216383307573416,16432
2019-05-31,"Oneonta, NY","NY",403,1218,-0.0121654501216545,-0.0113636363636364,-0.0232558139534884,18794
2019-05-31,"Baraboo, WI","WI",404,1092,-0.031055900621118,-0.0496083550913838,-0.0126582278481013,22430
2019-05-31,"Marietta, OH","OH",405,1051,0.00863723608445298,0.0154589371980676,0.029382957884427,15412
2019-05-31,"Salina, KS","KS",406,855,0.00944510035419126,0.0190703218116806,0.00944510035419126,22130
2019-05-31,"Big Stone Gap, VA","VA",407,1001,0.00704225352112676,0.0121334681496461,0.0235173824130879,6866
2019-05-31,"Sturgis, MI","MI",408,996,0.00100502512562814,-0.004,-0.0282926829268293,23114
2019-05-31,"Fremont, OH","OH",409,1037,0.0107212475633528,0.018664047151277,0.0560081466395112,18211
2019-05-31,"Mount Vernon, OH","OH",410,1067,-0.00744186046511628,-0.012037037037037,-0.0138632162661738,16935
2019-05-31,"Lewiston, ID","ID",411,1307,0.0108275328692962,0.0139643134212568,0.0163297045101089,20979
2019-05-31,"Shelton, WA","WA",412,1412,-0.00493305144467935,-0.00633356790992259,-0.0070323488045007,23484
2019-05-31,"Albemarle, NC","NC",413,1076,-0.0323741007194245,-0.044404973357016,0.0208728652751423,21530
2019-05-31,"Enid, OK","OK",414,943,-0.00736842105263158,-0.00211640211640212,0.0227765726681128,17661
2019-05-31,"Jefferson, GA","GA",415,1364,0.00220426157237326,0.00887573964497041,0.028657616892911,21213
2019-05-31,"Georgetown, SC","SC",416,1579,-0.0265104808877929,-0.036019536019536,0.1310888252149,27300
2019-05-31,"Laconia, NH","NH",417,1461,0.0138792505204719,0.0117728531855956,0.0325088339222615,35387
2019-05-31,"Batavia, NY","NY",418,1400,0.0196649672250546,0.0316875460574797,0.0408921933085502,16695
2019-05-31,"Oxford, NC","NC",419,1208,0,0.00582847626977519,0.0467937608318891,16387
2019-05-31,"Columbus, MS","MS",420,1037,-0.0317460317460317,-0.0415896487985213,-0.0235404896421846,15407
2019-05-31,"Sterling, IL","IL",421,1071,-0.00557103064066852,-0.020128087831656,0.0307988450433109,21962
2019-05-31,"Dublin, GA","GA",422,982,0.00717948717948718,0.0186721991701245,0.0424628450106157,14919
2019-05-31,"Vicksburg, MS","MS",423,1112,-0.0176678445229682,-0.0245614035087719,0.0411985018726592,13639
2019-05-31,"Sanford, NC","NC",424,1022,0.00888450148075025,0.023023023023023,0.0712788259958071,21810
2019-05-31,"Tiffin, OH","OH",425,965,0.0104712041884817,0.0211640211640212,0.05119825708061,18164
2019-05-31,"Fairmont, WV","WV",426,861,-0.0204778156996587,-0.0271186440677966,-0.0249150622876557,20416
2019-05-31,"Crossville, TN","TN",427,1080,-0.0348525469168901,-0.0551181102362205,-0.0517998244073749,23444
2019-05-31,"Picayune, MS","MS",428,1121,-0.0166666666666667,-0.0209606986899563,-0.0175284837861525,10237
2019-05-31,"Gloversville, NY","NY",429,1279,-0.0397897897897898,-0.0657414170927684,-0.0711692084241104,18279
2019-05-31,"Sonora, CA","CA",430,1467,0.000682128240109141,0.00824742268041237,0.019457956914524,21388
2019-05-31,"Carson City, NV","NV",431,1596,0.0178571428571429,0.0296774193548387,0.140814867762688,14942
2019-05-31,"Calhoun, GA","GA",432,1148,0.00525394045534151,0.00790166812993854,0.0426884650317893,16853
2019-05-31,"Milledgeville, GA","GA",433,1026,-0.0348071495766698,-0.0508788159111933,0.00489715964740451,11755
2019-05-31,"Waycross, GA","GA",434,974,0.00932642487046632,0.0167014613778706,0.058695652173913,13090
2019-05-31,"Eagle Pass, TX","TX",435,1107,-0.0168738898756661,-0.0280948200175593,0.00453720508166969,11838
2019-05-31,"Payson, AZ","AZ",436,1286,-0.0250189537528431,-0.0242792109256449,0.0279776179056755,20279
2019-05-31,"Rochelle, IL","IL",437,1206,-0.0187144019528072,-0.0503937007874016,-0.049645390070922,18186
2019-05-31,"Scottsboro, AL","AL",438,888,-0.00448430493273543,0.00338983050847458,0.0206896551724138,9347
2019-05-31,"Danville, KY","KY",439,922,-0.00753498385360603,-0.00216450216450216,0.0513112884834664,14596
2019-05-31,"Greenville, OH","OH",440,1030,0.0177865612648221,0.03,0.079664570230608,15633
2019-05-31,"Warrensburg, MO","MO",441,1010,0.0233029381965552,0.0412371134020618,-0.0408357075023742,13335
2019-05-31,"Fort Leonard Wood, MO","MO",442,876,-0.0168350168350168,-0.019036954087346,-0.0135135135135135,10274
2019-05-31,"Glasgow, KY","KY",443,918,-0.0118406889128095,-0.0223642172523962,0.0303030303030303,13629
2019-05-31,"Athens, TN","TN",444,1011,-0.0231884057971014,-0.0260115606936416,0.118362831858407,18368
2019-05-31,"Edwards, CO","CO",445,3670,-0.026525198938992,-0.0314067036157297,-0.00380021715526602,29010
2019-05-31,"Fernley, NV","NV",446,1500,0.0121457489878542,0.0217983651226158,0.0570824524312896,15063
2019-05-31,"Platteville, WI","WI",447,1042,-0.0288909599254427,-0.0527272727272727,-0.00572519083969466,12370
2019-05-31,"Boone, NC","NC",448,1375,0,0.00511695906432749,0.0544478527607362,26096
2019-05-31,"Bartlesville, OK","OK",449,928,-0.0021505376344086,0.00215982721382289,0.0345596432552954,22160
2019-05-31,"Jacksonville, TX","TX",450,1150,-0.00862068965517241,-0.0162532078699743,0.013215859030837,8628
2019-05-31,"Elko, NV","NV",451,1442,0.0076869322152341,0.0133520730850316,0.0713224368499257,9196
2019-05-31,"Rexburg, ID","ID",452,1180,-0.015025041736227,-0.021558872305141,0.0737033666969973,15333
2019-05-31,"St. Marys, GA","GA",453,1159,0.00870322019147084,0.0139982502187227,0.0311387900355872,16250
2019-05-31,"Ozark, AL","AL",454,856,-0.00233100233100233,0.00234192037470726,0.00943396226415094,14632
2019-05-31,"Enterprise, AL","AL",455,898,-0.00443458980044346,-0.00111234705228031,0.0216154721274175,21777
2019-05-31,"Kerrville, TX","TX",456,1407,-0.0235947258848022,-0.0309917355371901,-0.0435078178110129,12506
2019-05-31,"New Castle, IN","IN",457,793,-0.0197775030902349,-0.0197775030902349,-0.013681592039801,18347
2019-05-31,"Sidney, OH","OH",458,1103,0.0175276752767528,0.026046511627907,0.0514775977121068,13388
2019-05-31,"Cortland, NY","NY",459,1289,-0.0394932935916542,-0.058436815193572,-0.0423476968796434,12233
2019-05-31,"Del Rio, TX","TX",460,1176,-0.0117647058823529,-0.0183639398998331,0.0173010380622837,10273
2019-05-31,"Washington, NC","NC",461,1124,0.00357142857142857,0.0126126126126126,0.130784708249497,5865
2019-05-31,"Corsicana, TX","TX",462,1149,-0.030379746835443,-0.0409015025041736,-0.0120378331900258,12045
2019-05-31,"Burlington, IA","IA",463,893,-0.00777777777777778,-0.0110741971207087,-0.0366774541531823,16560
2019-05-31,"Cadillac, MI","MI",464,950,-0.0010515247108307,0.00105374077976818,0.0462555066079295,20762
2019-05-31,"Ardmore, OK","OK",465,848,0.0119331742243437,0.026634382566586,-0.0308571428571429,20486
2019-05-31,"Kendallville, IN","IN",466,1031,0,-0.00578592092574735,0.00389483933787731,14722
2019-05-31,"Nogales, AZ","AZ",467,1183,-0.00588235294117647,-0.00921273031825796,0.0422907488986784,13554
2019-05-31,"Oxford, MS","MS",468,1359,0,0.00517751479289941,-0.05625,13590
2019-05-31,"Plymouth, IN","IN",469,1094,0.00643974241030359,0.00829493087557604,-0.00995475113122172,15267
2019-05-31,"Gardnerville Ranchos, NV","NV",470,1878,-0.00949367088607595,-0.00949367088607595,0.0479910714285714,20558
2019-05-31,"Tahlequah, OK","OK",471,867,0.0140350877192982,0.024822695035461,-0.00459242250287026,15484
2019-05-31,"Cañon City, CO","CO",472,1209,-0.0265700483091787,-0.0381861575178998,0.0100250626566416,15749
2019-05-31,"Ruston, LA","LA",473,1212,-0.00492610837438424,0.00165289256198347,-0.000824402308326463,8591
2019-05-31,"Lewistown, PA","PA",474,1024,0.0029382957884427,0.0078740157480315,0.0600414078674948,10501
2019-05-31,"Rockingham, NC","NC",475,945,0.0361842105263158,0.0594170403587444,0.111764705882353,3335
2019-05-31,"Blytheville, AR","AR",476,796,-0.0136307311028501,-0.0172839506172839,-0.025703794369645,8591
2019-05-31,"Cedar City, UT","UT",477,1175,0.00945017182130584,0.0164359861591695,0.0425909494232476,12192
2019-05-31,"Bedford, IN","IN",478,880,0.0208816705336427,0.0365135453474676,0.0451306413301663,16700
2019-05-31,"Newport, OR","OR",479,1476,0.00408163265306122,0.00613496932515337,0.0292887029288703,23318
2019-05-31,"Bellefontaine, OH","OH",480,1026,0.00293255131964809,0.00588235294117647,0.024975024975025,17364
2019-05-31,"McAlester, OK","OK",481,850,0,0.00117785630153121,0.00117785630153121,15423
2019-05-31,"Coldwater, MI","MI",482,945,-0.0125391849529781,-0.0197095435684647,-0.0317622950819672,17861
2019-05-31,"Rolla, MO","MO",483,806,-0.0146699266503667,-0.0146699266503667,0.0936227951153324,15708
2019-05-31,"Shelbyville, TN","TN",484,1196,-0.0172555464256368,-0.0244698205546493,0.00251466890192791,15107
2019-05-31,"Duncan, OK","OK",485,702,-0.0263522884882108,-0.0330578512396694,-0.0422919508867667,18299
2019-05-31,"Pullman, WA","WA",486,1401,-0.00849256900212314,-0.0140745953553835,0.0525920360631104,8785
2019-05-31,"Bemidji, MN","MN",487,1308,-0.0022883295194508,0.005380476556495,0.033175355450237,12056
2019-05-31,"Pahrump, NV","NV",488,1344,-0.00370644922164566,0,0.0795180722891566,9739
2019-05-31,"Menomonie, WI","WI",489,1200,-0.0407673860911271,-0.0536277602523659,0.0118043844856661,13876
2019-05-31,"Bucyrus, OH","OH",490,832,0.0171149144254279,0.0335403726708075,0.0505050505050505,15891
2019-05-31,"Bradford, PA","PA",491,925,-0.00107991360691145,-0.00215749730312837,0.0323660714285714,13354
2019-05-31,"Bardstown, KY","KY",492,1043,-0.00286806883365201,0.00384985563041386,0.0450901803607214,15112
2019-05-31,"Cornelia, GA","GA",493,1225,0.00989282769991756,0.016597510373444,0.0888888888888889,21416
2019-05-31,"Alma, MI","MI",494,845,-0.0185830429732869,-0.0276179516685846,0.0217654171704958,13249
2019-05-31,"Durant, OK","OK",495,923,-0.0117773019271949,-0.0117773019271949,-0.0149413020277481,11201
2019-05-31,"Seymour, IN","IN",496,988,0.0175077239958805,0.027027027027027,0.0102249488752556,13868
2019-05-31,"Willmar, MN","MN",497,1197,-0.0284090909090909,-0.0354552780016116,-0.0315533980582524,14223
2019-05-31,"Auburn, IN","IN",498,1047,0,-0.00664136622390892,-0.0205799812909261,11475
2019-05-31,"Paragould, AR","AR",499,854,-0.0217640320733104,-0.0284414106939704,-0.0458100558659218,13957
2019-05-31,"Warren, PA","PA",500,973,-0.00815494393476045,-0.0121827411167513,0.0263713080168776,12244
2019-05-31,"Cedartown, GA","GA",501,1083,0.00744186046511628,0.0324118207816969,0.118801652892562,14670
2019-05-31,"Port Clinton, OH","OH",502,1170,0.00775193798449612,0.0147441457068517,0.0317460317460317,23794
2019-05-31,"El Campo, TX","TX",503,1296,-0.00765696784073507,-0.00689655172413793,0.00543056633048875,12266
2019-05-31,"Montrose, CO","CO",504,1318,0.0130668716372022,0.0193348801237432,-0.0365497076023392,13586
2019-05-31,"Ellensburg, WA","WA",505,1585,0.00379987333755541,-0.00377121307353866,-0.000630517023959647,16475
2019-05-31,"Sandpoint, ID","ID",506,1388,0.0153621068032187,0.0220913107511046,0.107741420590583,18568
2019-05-31,"Alice, TX","TX",507,1062,-0.031021897810219,-0.0483870967741935,-0.0175763182238668,5787
2019-05-31,"Celina, OH","OH",508,1155,0.0140474100087796,0.0230292294065545,0.0519125683060109,11559
2019-05-31,"Garden City, KS","KS",509,1104,-0.0151650312221231,-0.0221434898139947,-0.0177935943060498,9738
2019-05-31,"Marshalltown, IA","IA",510,856,-0.00233100233100233,0.00351699882766706,0.014218009478673,16327
2019-05-31,"Cullowhee, NC","NC",511,1312,0,0.00459418070444104,0.0479233226837061,18261
2019-05-31,"Espa±ola, NM","NM",512,1156,-0.00258843830888697,-0.00430663221360896,0.00784655623365301,1069
2019-05-31,"Tifton, GA","GA",513,1073,-0.0110599078341014,-0.0164986251145738,0.0189933523266857,8892
2019-05-31,"Urbana, OH","OH",514,1063,0.00949667616334283,0.0143129770992366,0.0835881753312946,12075
2019-05-31,"Okeechobee, FL","FL",515,1340,0.00525131282820705,0.0120845921450151,0.0331534309946029,8171
2019-05-31,"Natchitoches, LA","LA",516,1129,-0.0242005185825411,-0.0464527027027027,-0.0504625735912531,7713
2019-05-31,"Berlin, NH","NH",517,1232,0.0131578947368421,0.021558872305141,0.0538922155688623,18542
2019-05-31,"Lock Haven, PA","PA",518,928,-0.0127659574468085,-0.0106609808102345,-0.0138150903294368,10497
2019-05-31,"Sikeston, MO","MO",519,825,0.00609756097560976,0.0110294117647059,0.0456273764258555,10000
2019-05-31,"Clewiston, FL","FL",520,1307,0.00384024577572965,0.0108275328692962,0.0348376880443389,6652
2019-05-31,"Pittsburg, KS","KS",521,699,0.00286944045911047,0.00720461095100865,0.0101156069364162,13236
2019-05-31,"Pontiac, IL","IL",522,1103,-0.00541027953110911,-0.00451263537906137,-0.0142984807864164,12671
2019-05-31,"Mount Vernon, IL","IL",523,896,-0.0334412081984898,-0.0508474576271186,-0.072463768115942,11939
2019-05-31,"Houghton, MI","MI",524,951,0.00210748155953635,0.00848356309650053,0.0733634311512415,18927
2019-05-31,"Gainesville, TX","TX",525,1346,-0.00810611643330877,-0.0102941176470588,0.0127915726109857,11534
2019-05-31,"Kill Devil Hills, NC","NC",526,1473,0.00683526999316473,0.0082135523613963,0.0315126050420168,15266
2019-05-31,"Brownwood, TX","TX",527,977,0.0219665271966527,0.0360551431601273,0.0539374325782093,14036
2019-05-31,"Stephenville, TX","TX",528,1229,-0.0168,-0.0214968152866242,0.00986031224322103,7351
2019-05-31,"Easton, MD","MD",529,1714,0.00351288056206089,0.00292568753657109,0.0118063754427391,18806
2019-05-31,"North Platte, NE","NE",530,1038,-0.0353159851301115,-0.0511882998171846,0.00193050193050193,10895
2019-05-31,"Newberry, SC","SC",531,964,-0.0122950819672131,-0.017329255861366,0.0179514255543823,18414
2019-05-31,"Ada, OK","OK",532,865,-0.0159271899886234,-0.018161180476731,-0.0291806958473625,11498
2019-05-31,"Moscow, ID","ID",533,1323,-0.00601051840721262,-0.00898876404494382,0.0311769290724864,9704
2019-05-31,"Safford, AZ","AZ",534,1221,-0.0129345189975748,-0.0169082125603865,0.0498710232158212,7086
2019-05-31,"Murray, KY","KY",535,982,-0.0150451354062187,-0.0228855721393035,-0.0070778564206269,7479
2019-05-31,"Huntington, IN","IN",536,929,0.0141921397379913,0.0253863134657837,0.0592930444697834,13426
2019-05-31,"Mayfield, KY","KY",537,876,-0.00227790432801822,0.00114285714285714,0.0391459074733096,2591
2019-05-31,"Escanaba, MI","MI",538,944,0.0053248136315229,0.00962566844919786,0.0825688073394495,23475
2019-05-31,"Astoria, OR","OR",539,1543,-0.000647668393782384,-0.000647668393782384,0.00586701434159061,17334
2019-05-31,"Peru, IN","IN",540,805,0.0176991150442478,0.0333761232349166,0.0509138381201044,11563
2019-05-31,"Coshocton, OH","OH",541,890,0.0159817351598174,0.0289017341040462,0.0482921083627797,9118
2019-05-31,"Newton, IA","IA",542,1037,-0.0272045028142589,-0.0308411214953271,-0.0076555023923445,12744
2019-05-31,"Fremont, NE","NE",543,1134,-0.00874125874125874,-0.0139130434782609,0.00176678445229682,11206
2019-05-31,"Hutchinson, MN","MN",544,1244,-0.0326594090202177,-0.0378963650425367,0,12623
2019-05-31,"Batesville, AR","AR",545,831,-0.0212014134275618,-0.0393063583815029,-0.0177304964539007,8702
2019-05-31,"Owatonna, MN","MN",546,1277,-0.010077519379845,-0.011609907120743,0.0306698950766747,14035
2019-05-31,"Vidalia, GA","GA",547,1046,0.00191570881226054,0.00383877159309021,0.0264965652600589,7329
2019-05-31,"Laramie, WY","WY",548,1158,-0.00344234079173838,-0.00258397932816538,0.0122377622377622,11218
2019-05-31,"Plainview, TX","TX",549,921,0.0221975582685905,0.0325112107623318,0.0302013422818792,9732
2019-05-31,"Big Spring, TX","TX",550,1090,0.0302457466918715,0.0390848427073403,0.0541586073500967,10231
2019-05-31,"Laurinburg, NC","NC",551,872,0.0116009280742459,0.0198830409356725,0.0544135429262394,6065
2019-05-31,"Alexandria, MN","MN",552,1344,-0.00370644922164566,0.000744601638123604,0.0362374710871241,13207
2019-05-31,"Lebanon, MO","MO",553,770,-0.0203562340966921,-0.0517241379310345,-0.0505548705302096,9541
2019-05-31,"Coffeyville, KS","KS",554,696,0.0131004366812227,0.029585798816568,0.0773993808049536,12560
2019-05-31,"Seneca Falls, NY","NY",555,1311,-0.0172413793103448,-0.0179775280898876,-0.00304182509505703,9907
2019-05-31,"Sulphur Springs, TX","TX",556,1314,-0.0127723516153268,-0.0223214285714286,0.0115473441108545,7981
2019-05-31,"Martin, TN","TN",557,899,0,0.00334821428571429,0.063905325443787,12402
2019-05-31,"Arcadia, FL","FL",558,1313,0.00305576776165011,0.0107775211701309,0.0202020202020202,6813
2019-05-31,"Junction City, KS","KS",559,1006,-0.0069101678183613,-0.0069101678183613,-0.0580524344569288,10133
2019-05-31,"Butte, MT","MT",560,958,-0.00519210799584631,0.00104493207941484,0.145933014354067,11916
2019-05-31,"Angola, IN","IN",561,1120,-0.0017825311942959,-0.00884955752212389,-0.0192644483362522,13585
2019-05-31,"Dodge City, KS","KS",562,859,-0.00232288037166086,0.00116550116550117,-0.0304740406320542,8516
2019-05-31,"Emporia, KS","KS",563,767,0.00392670157068063,0.00921052631578947,0.0132100396301189,10078
2019-05-31,"Jackson, OH","OH",564,912,0.0122086570477248,0.0212765957446809,0.0754716981132075,5698
2019-05-31,"Taos, NM","NM",565,1259,-0.00395569620253165,-0.00395569620253165,0.0112449799196787,15309
2019-05-31,"Malvern, AR","AR",566,877,0,0.00228571428571429,0.0341981132075472,8354
2019-05-31,"Troy, AL","AL",567,988,-0.00503524672708963,-0.00202020202020202,0.0227743271221532,5883
2019-05-31,"Cambridge, MD","MD",568,1327,-0.00225563909774436,-0.00450112528132033,0.0326848249027237,20451
2019-05-31,"Vernal, UT","UT",569,912,0.00996677740863787,0.0178571428571429,0.0247191011235955,9926
2019-05-31,"Kingsville, TX","TX",570,1118,0,0.000895255147717099,0.0380687093779016,6437
2019-05-31,"Madison, IN","IN",571,955,0.0159574468085106,0.0257787325456498,0.0170394036208733,9502
2019-05-31,"Hastings, NE","NE",572,1028,-0.0237416904083571,-0.0374531835205993,-0.0747074707470747,8522
2019-05-31,"Albert Lea, MN","MN",573,990,-0.0149253731343284,-0.0397672162948594,-0.0406976744186047,13504
2019-05-31,"Lincoln, IL","IL",574,969,0,0.0031055900621118,0.0189274447949527,8823
2019-05-31,"Jesup, GA","GA",575,1069,0.00281425891181989,0.00564440263405456,0.0429268292682927,6557
2019-05-31,"Alpena, MI","MI",576,876,-0.00792751981879955,-0.00567536889897843,0.0354609929078014,16712
2019-05-31,"Silver City, NM","NM",577,914,-0.01931330472103,-0.0235042735042735,0.156962025316456,8367
2019-05-31,"Washington Court House, OH","OH",578,980,0.00307062436028659,0.00823045267489712,0.0144927536231884,8105
2019-05-31,"Van Wert, OH","OH",579,953,0.00846560846560847,0.0192513368983957,0.0624303232998885,9030
2019-05-31,"Ludington, MI","MI",580,1007,-0.000992063492063492,-0.00297029702970297,0.0161453077699294,16204
2019-05-31,"Hays, KS","KS",581,1113,-0.00447227191413238,-0.00890471950133571,0.0229779411764706,8852
2019-05-31,"Hailey, ID","ID",582,1503,-0.00660938532716457,0.00133244503664224,0.00467914438502674,12128
2019-05-31,"Great Bend, KS","KS",583,707,-0.0207756232686981,-0.0301783264746228,-0.0598404255319149,9750
2019-05-31,"Weatherford, OK","OK",584,944,0.0183387270765912,0.0294438386041439,0.0238611713665944,8686
2019-05-31,"Grants, NM","NM",585,947,-0.0257201646090535,-0.0297131147540984,0.0182795698924731,4122
2019-05-31,"Thomaston, GA","GA",586,919,0.0143487858719647,0.0268156424581006,0.0824499411071849,9706
2019-05-31,"Mountain Home, ID","ID",587,1054,0,0.00476644423260248,0.0571715145436309,9863
2019-05-31,"Altus, OK","OK",588,672,0.0014903129657228,0.0014903129657228,-0.0614525139664804,9279
2019-05-31,"Toccoa, GA","GA",589,1110,0.018348623853211,0.0306406685236769,0.099009900990099,8240
2019-05-31,"Ottawa, KS","KS",590,938,-0.00635593220338983,-0.00740740740740741,-0.0269709543568465,7426
2019-05-31,"Marshall, MN","MN",591,1139,-0.032285471537808,-0.0428571428571429,-0.00524017467248908,8224
2019-05-31,"La Grande, OR","OR",592,1335,-0.0169366715758468,-0.0234089246525238,0.0478806907378336,7255
2019-05-31,"Greensburg, IN","IN",593,1029,0.0108055009823183,0.016798418972332,0.0157946692991115,8611
2019-05-31,"Mexico, MO","MO",594,867,-0.0136518771331058,-0.0225479143179256,0.0104895104895105,7951
2019-05-31,"Moberly, MO","MO",595,859,-0.00578703703703704,-0.00808314087759815,0.0201900237529691,6908
2019-05-31,"The Dalles, OR","OR",596,1513,0.00132362673726009,0.0039814200398142,0.0784034212401996,8074
2019-05-31,"Deming, NM","NM",597,897,-0.0344456404736276,-0.0497881355932203,0.0755395683453237,5322
2019-05-31,"Fallon, NV","NV",598,1408,0.00715307582260372,0.0151405912040375,0.0906274206041828,5959
2019-05-31,"Fredericksburg, TX","TX",599,1662,-0.00359712230215827,-0.00716845878136201,0.000602046959662854,5611
2019-05-31,"Campbellsville, KY","KY",600,923,-0.0159914712153518,-0.0180851063829787,0.0560640732265446,7020
2019-05-31,"Connersville, IN","IN",601,763,0.0159786950732357,0.0255376344086021,0.0807365439093484,8461
2019-05-31,"Cordele, GA","GA",602,955,0.0159574468085106,0.031317494600432,0.0575858250276855,4925
2019-05-31,"Wahpeton, ND","ND",603,1015,-0.0478424015009381,-0.0360873694207028,-0.00684931506849315,8653
2019-05-31,"Mitchell, SD","SD",604,971,-0.0499021526418787,-0.0699233716475096,-0.112431444241316,6256
2019-05-31,"Pampa, TX","TX",605,992,0.00404858299595142,0.00506585612968592,-0.0148957298907646,6170
2019-05-31,"Brookings, OR","OR",606,1515,-0.0091563113145847,-0.0110966057441253,0.0167785234899329,8336
2019-05-31,"Hood River, OR","OR",607,1825,-0.00761283306144644,-0.00761283306144644,0.021264689423615,7304
2019-05-31,"Beatrice, NE","NE",608,1039,-0.0225776105362183,-0.0298786181139122,-0.0571687840290381,6497
2019-05-31,"Elk City, OK","OK",609,850,0,0.00117785630153121,0.00830367734282325,6658
2019-05-31,"Dumas, TX","TX",610,1069,0.0278846153846154,0.0439453125,0.0229665071770335,5407
2019-05-31,"Price, UT","UT",611,1102,-0.0134288272157565,-0.0151921358355675,0.137254901960784,7239
2019-05-31,"Worthington, MN","MN",612,1041,-0.0298229263746505,-0.0414364640883978,0.0462311557788945,5621
2019-05-31,"Pierre, SD","SD",613,1200,-0.00497512437810945,-0.004149377593361,-0.00662251655629139,5067
2019-05-31,"Prineville, OR","OR",614,1434,-0.0151098901098901,-0.0191518467852257,0.0191897654584222,7355
2019-05-31,"Woodward, OK","OK",615,914,-0.00327153762268266,0.0055005500550055,-0.0245464247598719,6937
2019-05-31,"Othello, WA","WA",616,1295,0.0220994475138122,0.036,0.0368294635708567,3356
2019-05-31,"Los Alamos, NM","NM",617,1468,0.0117160578911096,0.0215727209464161,0.00824175824175824,7790
2019-05-31,"Atchison, KS","KS",618,858,0.0141843971631206,0.0165876777251185,0.0202140309155767,6497
2019-05-31,"Snyder, TX","TX",619,1012,0.0170854271356784,0.0232558139534884,0.0191339375629406,4812
2019-05-31,"Fairfield, IA","IA",620,922,-0.0212314225053079,-0.0315126050420168,-0.0658561296859169,4186
2019-05-31,"Winnemucca, NV","NV",621,1399,0.0204230488694384,0.0347633136094675,0.104183109707972,2498
2019-05-31,"Sweetwater, TX","TX",622,990,0.0050761421319797,0.00917431192660551,0.0185185185185185,5346
2019-05-31,"Andrews, TX","TX",623,1286,0.0182106096595408,0.0279776179056755,0.0102120974076984,3766
2019-05-31,"Pecos, TX","TX",624,1036,0.0277777777777778,0.0433031218529708,0.0746887966804979,2374
2019-05-31,"Vernon, TX","TX",625,986,0.0081799591002045,0.0112820512820513,0.0123203285420945,4101
