RegionID,RegionName,State,SizeRank,1996-04,1996-05,1996-06,1996-07,1996-08,1996-09,1996-10,1996-11,1996-12,1997-01,1997-02,1997-03,1997-04,1997-05,1997-06,1997-07,1997-08,1997-09,1997-10,1997-11,1997-12,1998-01,1998-02,1998-03,1998-04,1998-05,1998-06,1998-07,1998-08,1998-09,1998-10,1998-11,1998-12,1999-01,1999-02,1999-03,1999-04,1999-05,1999-06,1999-07,1999-08,1999-09,1999-10,1999-11,1999-12,2000-01,2000-02,2000-03,2000-04,2000-05,2000-06,2000-07,2000-08,2000-09,2000-10,2000-11,2000-12,2001-01,2001-02,2001-03,2001-04,2001-05,2001-06,2001-07,2001-08,2001-09,2001-10,2001-11,2001-12,2002-01,2002-02,2002-03,2002-04,2002-05,2002-06,2002-07,2002-08,2002-09,2002-10,2002-11,2002-12,2003-01,2003-02,2003-03,2003-04,2003-05,2003-06,2003-07,2003-08,2003-09,2003-10,2003-11,2003-12,2004-01,2004-02,2004-03,2004-04,2004-05,2004-06,2004-07,2004-08,2004-09,2004-10,2004-11,2004-12,2005-01,2005-02,2005-03,2005-04,2005-05,2005-06,2005-07,2005-08,2005-09,2005-10,2005-11,2005-12,2006-01,2006-02,2006-03,2006-04,2006-05,2006-06,2006-07,2006-08,2006-09,2006-10,2006-11,2006-12,2007-01,2007-02,2007-03,2007-04,2007-05,2007-06,2007-07,2007-08,2007-09,2007-10,2007-11,2007-12,2008-01,2008-02,2008-03,2008-04,2008-05,2008-06,2008-07,2008-08,2008-09,2008-10,2008-11,2008-12,2009-01,2009-02,2009-03,2009-04,2009-05,2009-06,2009-07,2009-08,2009-09,2009-10,2009-11,2009-12,2010-01,2010-02,2010-03,2010-04,2010-05,2010-06,2010-07,2010-08,2010-09,2010-10,2010-11,2010-12,2011-01,2011-02,2011-03,2011-04,2011-05,2011-06,2011-07,2011-08,2011-09,2011-10,2011-11,2011-12,2012-01,2012-02,2012-03,2012-04,2012-05,2012-06,2012-07,2012-08,2012-09,2012-10,2012-11,2012-12,2013-01,2013-02,2013-03,2013-04,2013-05,2013-06,2013-07,2013-08,2013-09,2013-10,2013-11,2013-12,2014-01,2014-02,2014-03,2014-04,2014-05,2014-06,2014-07,2014-08,2014-09,2014-10,2014-11,2014-12,2015-01,2015-02,2015-03,2015-04,2015-05,2015-06,2015-07,2015-08,2015-09,2015-10,2015-11,2015-12,2016-01,2016-02,2016-03,2016-04,2016-05,2016-06,2016-07,2016-08,2016-09,2016-10,2016-11,2016-12,2017-01,2017-02,2017-03,2017-04,2017-05,2017-06,2017-07,2017-08,2017-09,2017-10,2017-11,2017-12,2018-01,2018-02,2018-03,2018-04,2018-05,2018-06,2018-07,2018-08,2018-09,2018-10,2018-11,2018-12,2019-01,2019-02,2019-03,2019-04,2019-05
9,California,CA,1,103,103,103,103,103,103,103,103,103,103,103,103,104,104,104,104,104,104,105,105,106,107,108,109,110,110,111,111,112,113,113,114,115,117,118,118,119,120,121,122,123,125,126,127,129,131,133,134,136,138,139,140,142,143,145,146,148,149,151,152,154,155,157,158,159,161,163,164,166,168,170,172,174,176,179,181,184,187,190,192,195,199,201,203,206,210,213,216,220,224,228,232,236,240,245,250,256,262,269,275,281,286,291,296,300,304,308,312,316,320,324,327,330,333,335,338,339,341,342,344,345,346,346,345,344,342,340,339,337,336,334,332,329,327,324,321,317,313,309,304,299,295,289,284,278,271,265,260,255,251,247,244,240,237,233,230,225,221,218,216,215,215,215,215,216,216,217,216,215,216,216,215,214,213,212,211,209,208,206,205,204,203,202,201,199,198,197,196,196,195,195,196,198,199,200,202,203,205,207,209,212,214,217,221,226,231,236,241,245,248,250,253,254,256,258,260,262,263,265,266,267,269,270,272,274,275,277,278,280,283,285,286,287,289,291,293,295,297,299,299,300,302,303,305,307,310,313,315,316,319,321,322,324,326,328,330,332,333,335,338,340,342,345,348,348,349,350,351,352,354,355,356,357,357,356,356,356,355
54,Texas,TX,2,53,53,53,54,53,53,53,53,53,53,52,53,53,53,53,53,54,54,54,55,55,55,55,55,55,55,55,55,56,56,56,57,57,57,57,58,58,59,59,59,60,60,61,61,62,62,63,62,62,62,62,63,63,63,63,62,62,61,61,61,61,61,61,61,61,61,61,61,61,62,61,61,61,61,62,63,63,63,63,63,64,64,63,64,64,64,64,64,64,64,64,64,65,65,66,66,67,68,68,69,69,69,70,70,70,71,71,71,71,71,71,71,72,72,73,72,72,72,73,73,73,73,74,74,75,75,75,75,75,76,76,77,76,77,77,77,78,77,78,78,78,78,77,77,76,76,76,76,75,75,75,75,74,74,74,74,74,74,74,73,73,73,73,73,73,74,73,73,73,74,74,73,73,73,73,73,73,73,72,72,72,72,72,71,71,71,71,71,71,71,71,71,72,72,71,71,71,71,72,72,72,73,73,73,73,73,74,74,74,74,75,75,75,76,76,76,76,77,77,78,78,79,79,79,80,80,81,81,82,82,83,83,84,84,85,85,86,86,87,87,88,89,89,90,91,91,92,93,93,94,94,95,96,96,97,97,98,99,99,99,100,100,102,103,103,103,104,105,105,106,107,108,108,109,110,110,110,109
43,New York,NY,3,72,72,72,72,72,72,72,72,72,72,72,73,73,72,72,72,71,72,72,72,72,72,72,72,73,73,74,74,74,74,74,74,74,75,75,76,76,76,76,77,77,77,78,78,79,79,79,80,80,81,81,81,82,81,82,82,83,83,83,84,84,85,85,86,86,87,87,88,88,89,89,90,90,91,91,92,92,93,94,94,95,95,96,97,98,99,100,101,102,102,103,104,104,105,106,108,108,109,110,111,113,114,115,117,118,119,120,121,122,124,125,126,126,128,129,130,131,132,133,133,135,136,136,137,138,138,139,139,139,140,140,141,141,141,142,142,142,142,142,142,142,141,140,140,139,139,138,138,137,136,136,135,135,135,134,134,134,133,133,133,132,132,131,131,131,131,132,132,132,132,132,132,131,131,130,130,129,129,128,127,127,127,127,126,126,126,125,125,125,125,125,125,124,124,124,124,124,124,124,124,124,124,124,124,124,125,125,125,125,125,126,126,127,127,128,128,128,128,128,129,129,129,129,129,129,129,129,129,129,129,129,130,130,130,130,131,131,131,131,132,132,133,133,133,134,134,134,135,136,136,137,137,138,139,139,140,140,141,142,142,142,143,144,145,145,146,146,147,147,148,149,149,150,150,151,151,151,152
14,Florida,FL,4,55,56,56,55,56,56,56,56,56,57,57,57,57,58,58,58,57,58,58,58,58,58,59,60,60,60,60,60,60,60,60,61,61,62,62,62,62,62,63,63,63,64,64,64,64,65,66,66,66,67,68,68,69,69,69,70,71,71,72,72,72,73,74,75,75,75,76,77,78,78,79,80,80,81,81,81,82,83,84,84,85,86,87,88,89,89,90,91,92,93,94,96,97,98,100,101,103,104,106,108,110,112,114,116,118,121,124,127,130,134,137,140,143,146,149,152,154,156,159,161,163,164,165,166,166,166,165,164,163,162,162,160,159,158,156,154,151,149,147,145,142,140,137,135,132,129,126,124,121,118,116,113,111,109,106,104,102,99,96,95,93,92,91,91,90,90,90,89,89,88,87,86,86,85,84,83,83,81,80,79,79,79,78,78,77,77,77,77,77,77,77,77,78,79,79,79,79,79,80,80,81,81,82,83,84,85,85,86,87,88,89,90,91,91,92,93,94,95,95,96,97,98,99,99,99,100,101,102,103,104,104,105,106,107,108,108,110,110,111,112,113,114,115,116,117,119,121,122,124,125,126,127,127,128,129,130,131,132,133,134,134,136,137,138,139,140,140,141,142,143,144,145,146,147,147,147,147,147
21,Illinois,IL,5,86,87,87,87,87,87,86,85,85,84,84,83,83,82,82,81,81,80,79,80,80,81,82,83,84,85,86,87,88,89,90,91,92,92,93,93,93,93,92,93,93,93,94,95,95,96,97,98,98,99,100,101,101,101,102,103,104,104,105,105,105,106,106,107,107,108,108,109,110,111,111,112,113,113,114,115,116,116,116,117,118,119,119,120,121,121,122,123,123,124,125,126,126,127,128,129,130,130,131,132,133,134,135,135,136,137,138,139,139,140,141,142,143,144,145,146,147,148,149,149,150,150,151,151,152,152,152,152,153,153,154,154,154,154,153,153,152,152,151,151,151,149,148,147,146,145,143,142,141,139,138,137,136,135,134,132,131,129,127,126,125,124,123,122,122,122,122,121,120,120,119,118,118,117,115,114,113,111,110,110,109,108,107,106,105,104,103,103,103,102,101,100,99,100,100,101,101,100,100,100,100,100,100,101,101,102,102,103,103,104,105,105,105,105,106,107,107,108,108,109,109,110,110,110,111,111,112,112,112,113,113,113,113,114,115,115,115,115,116,116,116,117,117,118,118,119,119,119,120,120,121,122,122,123,123,124,124,125,125,126,126,127,127,128,128,129,129,129,130,130,131,131,131,132,133,134,133,133
47,Pennsylvania,PA,6,57,57,57,57,57,57,57,57,57,57,58,58,59,59,59,59,59,59,59,59,59,59,59,60,60,60,60,60,60,60,60,60,60,61,62,62,62,62,62,63,63,62,62,63,63,63,63,64,64,64,65,65,65,65,65,66,66,67,67,68,68,69,69,69,70,70,71,71,72,72,73,73,74,74,75,75,76,76,76,77,77,78,78,79,80,80,81,81,82,82,83,83,84,85,85,86,87,88,88,89,90,91,92,93,93,94,95,96,97,97,98,99,100,100,101,102,103,104,104,105,105,106,107,107,108,108,108,108,109,109,110,110,110,110,110,110,110,110,110,110,110,110,110,110,109,109,109,109,108,108,107,107,107,107,107,106,106,106,105,105,104,104,104,104,104,104,104,104,104,105,105,104,104,104,103,103,102,102,101,100,100,100,100,99,99,98,98,98,97,98,98,98,97,97,97,97,97,97,97,97,98,98,98,98,98,99,98,99,99,99,99,99,100,100,99,99,99,100,100,100,100,100,100,100,100,101,101,102,102,102,103,103,103,103,103,103,103,104,104,105,105,105,106,106,107,107,107,107,108,108,109,109,110,110,110,111,112,113,113,114,114,115,115,115,116,117,117,118,118,118,119,120,120,121,121,122,121,121
44,Ohio,OH,7,59,59,59,60,60,60,60,60,60,61,61,61,62,62,62,62,63,63,63,63,63,64,64,64,65,65,65,65,66,66,66,67,67,67,68,68,69,69,69,69,69,70,70,70,70,71,71,71,72,72,72,72,72,73,73,73,74,74,74,74,75,75,76,76,76,76,76,76,76,77,77,77,77,78,78,78,78,78,78,79,80,80,80,80,81,81,81,81,81,82,82,82,82,83,83,83,84,84,84,85,85,85,85,85,86,85,85,86,86,87,87,87,87,87,87,87,88,87,87,87,87,88,88,88,88,89,88,88,87,88,88,87,87,86,87,86,86,85,85,85,85,84,84,83,83,82,81,81,80,80,80,79,79,79,79,78,78,78,77,77,76,76,76,76,76,76,75,75,76,77,76,76,76,75,75,75,74,74,73,73,73,72,72,71,71,71,71,71,71,71,71,71,71,70,71,71,71,70,70,70,71,71,71,71,71,71,71,72,72,72,72,72,73,73,73,74,74,73,74,74,74,75,75,75,75,76,76,76,76,77,77,77,77,78,78,78,78,79,79,79,79,80,80,81,81,81,82,82,83,83,83,84,84,85,86,86,87,87,88,88,88,89,90,90,90,91,91,92,93,94,94,95,96,97,97,97,97,97
30,Michigan,MI,8,67,67,68,69,70,70,71,71,71,72,72,73,73,73,73,74,74,75,76,76,76,77,77,78,78,79,79,80,80,81,82,82,83,83,84,84,84,85,86,86,87,87,88,89,89,89,90,91,92,92,93,94,94,94,95,96,96,97,97,98,98,98,99,99,99,99,99,100,100,101,101,102,102,102,103,103,103,103,103,104,104,104,104,104,105,105,106,106,106,107,107,108,108,108,108,109,109,110,110,110,110,111,111,112,112,113,113,114,114,114,114,114,114,114,115,114,114,114,114,115,114,114,114,114,114,113,113,112,112,111,110,110,109,109,108,107,106,105,103,102,101,100,99,98,97,95,94,92,91,90,88,86,85,84,82,81,80,78,77,75,74,73,72,72,71,71,71,70,70,70,70,70,69,69,68,68,68,67,66,65,65,65,65,64,64,63,63,64,64,64,64,65,65,65,66,66,67,67,68,68,69,70,70,71,72,73,74,74,75,76,77,78,79,79,80,81,81,82,83,83,84,85,86,86,86,87,88,88,88,89,89,89,90,91,91,92,92,93,93,94,95,96,96,98,99,99,100,100,101,102,102,103,104,105,106,106,107,108,108,109,109,110,111,111,112,114,115,115,116,116,117,118,119,119,120,120,120,121
16,Georgia,GA,9,51,51,51,51,51,52,52,52,52,52,53,53,54,54,54,54,55,55,55,55,55,56,56,56,57,57,57,57,58,58,59,59,59,60,60,60,61,61,62,62,62,62,63,63,63,64,64,64,65,66,66,66,67,67,68,68,69,69,70,70,71,71,72,72,72,72,72,73,73,74,74,75,75,75,76,76,76,76,76,76,77,77,77,77,78,78,78,78,79,78,78,79,79,79,80,80,81,81,81,81,82,82,83,83,83,84,83,84,84,84,84,85,85,86,86,86,86,87,87,88,88,88,89,89,89,90,90,90,90,90,91,91,92,92,92,92,92,91,91,91,91,90,90,89,89,88,88,87,86,85,84,83,82,82,81,80,79,79,77,77,76,76,75,74,74,75,74,74,73,73,73,72,72,71,71,70,69,68,68,67,66,65,65,64,63,63,62,62,61,61,60,60,60,60,60,60,60,60,61,61,61,62,62,63,63,64,64,65,66,66,67,67,67,68,68,69,70,71,71,72,72,72,73,73,73,74,74,75,75,75,75,76,76,76,77,77,78,79,79,79,80,81,82,82,83,83,83,83,84,85,85,86,87,87,87,87,88,89,89,90,90,91,92,92,93,94,95,96,96,98,99,100,101,102,102,103,103,102
36,North Carolina,NC,10,57,57,57,57,57,57,58,59,59,59,60,61,61,61,61,61,62,62,62,62,61,61,60,60,60,60,61,62,62,63,63,64,64,64,65,65,66,66,67,67,67,67,68,68,68,68,69,69,69,69,70,70,70,71,71,72,72,72,73,73,73,73,73,73,73,73,74,74,74,74,75,75,75,75,75,75,75,75,76,76,76,76,77,77,77,77,77,77,78,78,78,78,78,79,79,80,80,81,81,81,82,82,83,83,83,83,84,84,84,84,85,85,85,86,86,87,88,88,89,89,90,90,91,91,92,92,92,93,93,93,94,95,95,95,95,95,95,96,96,96,96,97,96,96,96,96,95,95,94,94,93,93,93,93,93,93,92,92,92,91,91,91,90,90,90,90,90,90,90,90,89,89,89,89,88,88,88,87,87,87,86,86,85,85,85,85,84,84,84,84,84,84,84,84,84,84,84,84,85,84,84,84,84,84,84,84,85,85,85,85,85,86,86,87,87,87,87,87,87,87,87,87,87,88,88,88,88,89,89,89,89,89,90,90,90,90,91,91,92,92,92,93,93,94,95,96,96,97,97,98,98,99,100,100,100,101,101,101,102,102,103,104,104,105,106,107,107,108,108,109,110,111,112,112,113,113,113,113
40,New Jersey,NJ,11,86,86,85,85,85,84,84,85,85,86,86,86,86,86,87,87,87,87,87,87,87,88,88,88,88,89,89,89,89,89,90,90,90,91,91,92,92,93,93,94,95,95,96,96,97,98,99,100,101,102,102,103,104,104,105,106,107,109,110,111,112,114,115,116,117,118,119,121,122,123,125,126,128,129,131,133,134,136,138,139,141,144,146,148,149,151,153,155,156,158,160,161,163,165,166,168,170,172,174,176,178,180,183,185,187,189,191,193,195,198,200,202,204,207,209,210,212,214,216,217,218,219,220,220,220,220,220,219,219,218,218,217,216,216,215,213,213,212,211,210,209,208,207,206,205,203,201,200,198,197,195,194,192,191,190,188,186,184,183,181,180,179,179,178,178,179,178,178,177,177,177,176,175,174,172,172,170,169,167,166,165,165,164,163,163,162,160,159,158,157,157,156,155,155,155,154,154,154,154,154,154,154,154,154,154,155,155,156,157,157,158,159,159,160,160,161,161,161,161,162,162,162,163,163,163,163,163,163,163,163,164,164,164,164,165,164,164,165,165,165,165,165,165,166,166,166,166,166,167,168,168,169,171,173,174,175,177,177,178,179,180,181,182,183,184,185,186,186,187,188,189,189,189,190,191,191,191,191
56,Virginia,VA,12,65,65,65,66,65,65,66,66,66,66,67,67,67,68,68,67,67,67,68,68,68,68,69,69,70,70,71,71,72,73,72,72,73,74,74,74,74,74,74,74,74,75,75,76,76,77,77,78,78,79,79,80,80,81,81,82,82,83,83,84,84,85,85,85,86,86,87,88,88,89,89,90,90,91,92,93,93,94,94,95,96,97,98,99,100,101,102,103,104,105,106,107,108,109,111,113,115,117,119,121,124,126,128,130,132,135,137,139,141,143,144,146,147,148,149,150,151,152,153,153,154,154,155,155,156,156,157,157,157,157,158,158,159,159,159,158,157,157,157,156,155,155,154,152,151,150,149,147,146,145,144,143,142,142,141,140,139,138,137,136,136,135,135,135,135,135,135,134,134,134,134,133,132,131,131,130,129,129,128,128,127,126,126,126,126,125,125,125,124,124,124,124,124,124,125,125,126,126,126,126,127,127,127,127,127,128,128,128,129,129,129,129,130,131,131,131,131,132,132,132,132,133,133,133,133,133,133,133,133,134,134,134,134,134,134,134,135,135,136,136,136,137,137,138,138,139,139,140,141,141,141,142,143,143,144,144,144,145,145,145,145,145,146,146,147,148,148,148,149,149,150,151,152,152,152,152,152,151
59,Washington,WA,13,87,87,87,87,87,87,88,88,88,89,89,90,90,90,91,91,91,92,92,92,93,93,94,94,94,95,96,96,97,97,98,99,99,100,100,101,101,101,101,101,101,102,102,102,103,104,104,105,105,106,106,107,107,108,108,108,109,109,110,110,111,111,112,112,112,112,112,112,113,113,114,115,115,115,115,116,116,117,117,117,118,118,119,119,120,120,121,122,123,124,125,126,127,128,129,130,132,133,134,135,136,138,140,141,143,144,146,148,150,153,156,158,161,163,166,169,172,173,175,177,179,182,183,185,187,189,190,191,192,193,194,195,195,196,196,196,196,196,195,193,192,191,190,189,188,187,185,183,181,180,178,177,175,174,173,171,169,167,165,164,162,161,160,160,160,160,160,158,157,156,156,155,153,152,151,150,148,147,145,144,143,141,140,139,138,137,136,136,136,135,135,135,135,135,135,136,136,137,137,137,138,139,140,141,143,144,145,146,148,149,149,150,151,151,152,153,154,154,155,156,158,158,159,160,161,161,162,163,165,167,169,170,172,174,175,176,177,179,180,181,183,185,186,188,190,193,195,197,198,201,203,205,206,209,211,213,215,216,217,219,221,223,225,226,228,230,232,233,234,235,237,239,241,242,243,244,244,244
26,Massachusetts,MA,14,89,89,89,89,89,89,90,90,90,91,92,92,92,92,93,93,94,94,95,95,96,97,98,99,99,100,101,101,102,103,103,104,105,106,107,108,109,111,112,113,114,115,117,118,120,122,123,125,127,128,130,131,133,134,136,138,140,141,143,145,146,148,150,151,153,155,157,159,161,163,165,166,168,170,172,173,175,178,180,181,183,185,187,189,191,193,194,195,197,198,199,200,202,204,205,207,209,210,212,214,216,217,219,220,222,224,225,227,228,229,230,230,230,230,230,230,229,229,229,228,227,226,226,224,223,222,221,220,219,219,218,217,217,216,215,214,213,212,210,209,207,206,204,203,201,199,198,196,195,194,193,192,191,190,190,189,187,186,185,184,184,184,184,184,184,185,185,185,185,185,185,185,185,185,184,183,182,181,180,179,178,178,177,177,176,176,175,175,174,174,173,173,174,175,175,176,176,176,177,178,178,178,179,180,181,182,183,185,185,186,188,189,189,190,191,191,192,193,194,194,195,196,197,197,198,199,199,200,200,200,201,202,203,204,205,206,206,207,208,209,210,211,212,213,214,216,218,219,220,222,224,226,227,228,230,231,232,234,235,236,236,238,240,241,242,243,244,245,246,247,248,249,250,251,252,253,252,251
22,Indiana,IN,15,61,61,60,59,59,58,58,58,58,58,58,59,59,59,59,59,58,59,59,59,59,59,58,59,59,59,59,59,60,59,59,59,59,59,59,59,58,59,59,60,61,61,61,62,62,62,62,63,63,63,63,63,63,63,64,64,65,65,66,66,67,67,68,68,68,68,68,68,68,68,69,69,69,69,69,69,69,69,69,69,69,69,70,70,69,70,70,70,69,69,69,69,69,68,69,69,69,69,70,70,71,70,71,71,72,72,73,73,74,75,76,76,76,77,77,78,78,78,78,78,77,77,77,78,78,79,78,78,79,79,80,80,80,79,79,78,79,79,80,79,80,79,79,79,78,79,78,78,77,77,76,76,76,75,75,75,74,74,74,74,73,73,72,72,72,72,72,72,72,73,72,73,72,72,72,73,72,72,72,71,71,70,70,70,71,70,70,69,69,70,70,70,70,70,69,69,69,69,69,69,69,70,70,70,70,70,69,69,69,69,69,69,69,70,70,70,70,70,70,70,70,70,71,71,71,72,72,72,72,72,72,73,72,73,73,73,73,73,74,74,75,75,76,76,77,77,78,78,78,79,79,80,80,81,81,81,82,82,83,83,83,84,85,85,86,86,87,88,89,91,92,93,93,94,94,95,95,95
8,Arizona,AZ,16,61,61,61,61,61,62,62,62,62,63,63,64,64,64,64,65,65,65,65,65,66,66,67,67,67,67,67,68,68,68,68,69,69,69,70,70,71,71,71,71,72,72,72,72,73,74,74,74,75,75,75,76,76,76,77,77,78,78,79,79,79,80,80,81,81,81,82,82,82,83,83,84,84,85,85,85,85,86,86,87,87,87,88,88,89,89,90,90,91,92,92,93,94,94,95,96,97,98,99,101,103,105,107,110,112,115,119,122,126,130,135,139,144,148,152,154,156,158,160,161,162,163,163,163,162,161,160,159,159,159,158,158,157,156,155,154,152,150,148,147,144,142,139,136,134,131,128,126,124,122,120,117,115,113,111,108,106,104,101,99,98,97,96,95,94,94,94,94,93,92,91,90,89,89,88,87,86,85,84,83,82,82,81,80,79,79,78,79,79,80,81,82,83,84,86,87,88,89,91,92,93,94,95,96,97,99,100,101,103,104,105,106,106,107,108,108,107,108,108,108,108,109,110,110,111,111,111,112,113,114,115,116,117,118,118,119,119,119,120,121,122,122,123,124,125,126,127,127,128,128,129,130,131,131,132,133,134,135,136,137,138,139,140,141,142,142,143,145,146,147,148,149,150,151,152,152,152,152
53,Tennessee,TN,17,45,46,47,47,47,48,48,48,48,48,49,49,49,49,49,50,50,49,50,50,50,50,51,51,52,52,52,52,52,53,53,53,53,53,54,54,54,54,54,54,55,55,55,56,56,56,57,57,57,57,57,57,57,58,58,58,58,58,59,59,60,60,60,60,60,60,60,60,60,60,61,61,61,61,61,61,61,62,62,62,62,62,63,63,63,63,63,64,64,64,64,64,64,64,64,65,65,66,66,67,67,67,68,69,69,70,70,71,71,71,72,72,72,73,74,74,75,75,76,76,77,77,78,78,79,79,79,79,79,79,80,80,81,81,81,81,82,81,81,81,81,82,81,82,81,81,81,80,80,80,79,79,79,79,79,78,78,78,78,77,77,76,76,76,76,77,77,77,76,76,77,76,76,76,75,75,75,74,74,74,74,73,73,72,73,73,73,73,73,72,72,72,72,72,72,72,72,72,72,72,73,73,73,73,73,73,73,74,74,74,74,74,74,75,75,76,76,76,77,77,77,77,77,78,79,79,79,79,79,80,80,81,81,81,82,82,83,83,84,84,85,85,86,86,87,87,88,89,89,90,91,91,92,93,93,94,94,94,95,95,95,96,97,99,99,100,100,101,102,103,103,104,104,105,105,106,106,106
32,Missouri,MO,18,60,60,61,61,61,61,61,62,61,62,62,63,63,64,64,64,64,64,64,64,65,65,65,66,66,67,67,67,67,67,67,67,67,68,68,69,68,69,69,70,70,70,70,70,71,71,71,72,72,72,73,73,74,74,74,75,75,76,76,77,77,77,78,78,78,78,79,79,80,80,80,81,81,81,82,82,83,83,83,83,84,84,84,85,85,86,86,86,87,87,87,88,88,88,88,89,89,89,90,89,90,90,90,91,91,92,92,93,93,93,94,94,95,95,96,96,96,96,96,97,97,98,98,98,99,98,99,99,99,100,100,100,100,100,100,100,100,99,99,99,99,99,99,99,98,98,97,97,96,96,96,95,95,95,95,94,94,94,93,93,92,92,92,92,92,92,92,92,92,92,91,91,91,90,90,90,89,89,88,88,87,86,86,86,86,86,85,85,85,84,84,84,85,85,84,84,84,84,84,84,84,85,85,85,85,85,85,85,86,86,86,86,86,87,87,87,87,87,87,87,88,88,88,88,88,89,89,89,89,90,90,91,91,91,91,92,92,93,93,93,94,94,95,95,96,96,96,97,97,98,98,99,99,99,100,100,101,102,102,103,103,104,104,105,106,107,107,108,109,109,110,111,112,113,113,113,113,113
27,Maryland,MD,19,85,85,85,85,84,84,84,84,84,84,84,84,84,84,84,84,84,84,84,84,84,85,85,85,85,85,85,85,85,85,85,85,86,87,87,87,87,87,87,88,88,88,88,89,89,90,90,91,92,92,92,93,93,94,94,95,95,96,96,97,98,98,99,100,100,101,102,103,104,105,107,107,108,110,111,112,113,114,116,117,118,120,122,123,124,126,128,129,130,132,134,136,138,140,142,144,146,148,151,154,157,160,163,166,169,172,176,179,182,185,188,191,194,197,200,202,203,205,207,208,210,212,213,214,214,215,215,215,214,214,214,214,214,213,213,211,210,209,207,206,203,201,200,199,197,195,193,191,189,187,185,183,181,180,178,176,174,172,170,168,167,166,165,165,166,165,164,163,162,161,160,159,159,158,157,156,155,154,153,152,151,150,150,149,148,147,146,145,144,144,144,144,144,145,145,145,145,146,147,147,147,148,148,148,149,150,151,152,153,153,154,155,155,156,156,156,156,156,157,158,159,159,159,159,159,160,161,161,162,162,162,162,163,163,162,162,163,163,162,162,164,166,166,166,167,168,169,169,170,171,171,172,173,173,173,173,174,174,175,176,177,178,178,179,180,181,181,182,182,183,184,184,184,185,186,187,187,186
60,Wisconsin,WI,20,72,72,72,72,73,73,73,73,73,74,74,75,75,75,75,74,75,74,74,75,75,76,75,76,76,76,76,77,76,77,77,77,77,78,78,79,79,79,79,80,80,81,81,82,82,83,83,84,85,85,85,85,86,86,87,87,88,88,88,89,89,90,90,91,91,92,92,93,93,94,94,95,96,96,97,97,98,98,99,99,100,100,101,101,102,103,104,104,105,105,106,107,108,108,109,109,110,111,112,113,114,115,116,117,117,117,117,118,118,118,119,120,120,121,122,123,123,123,124,124,125,125,125,125,124,124,124,124,124,125,125,125,125,125,125,125,124,124,123,123,123,123,122,122,121,121,120,120,119,118,118,117,117,116,116,115,115,114,113,113,112,112,112,112,112,112,112,112,112,111,111,111,111,110,109,108,107,106,106,105,105,104,104,103,102,102,101,101,100,100,100,100,100,100,99,99,99,99,99,99,100,100,100,100,100,100,101,101,101,101,102,103,104,104,104,104,104,105,105,105,106,106,106,106,105,105,105,105,106,106,106,107,108,108,108,109,110,109,109,110,111,111,112,113,113,114,115,115,116,116,117,118,119,120,120,121,122,122,123,123,124,126,126,126,126,127,128,129,130,131,132,133,134,135,136,137,137,137
31,Minnesota,MN,21,69,69,70,71,71,71,72,72,72,72,73,73,73,73,73,73,74,74,75,75,76,76,77,77,77,77,78,79,79,80,81,82,83,83,84,85,86,87,88,89,90,91,92,93,94,95,96,97,98,99,100,102,103,104,106,107,108,109,110,111,111,112,114,115,116,117,119,121,122,123,124,125,126,127,128,129,129,130,131,132,133,134,135,137,138,139,140,141,142,142,143,145,146,146,147,149,149,150,151,152,153,154,155,155,156,157,158,160,161,162,163,164,165,165,165,166,166,166,166,167,167,167,166,166,166,166,166,165,165,165,165,165,164,164,163,162,161,161,160,159,158,157,155,154,153,151,150,148,147,145,144,143,142,141,140,139,138,136,135,134,133,133,133,133,133,133,133,133,132,132,132,132,132,130,128,127,126,125,124,122,121,121,120,119,119,118,118,117,117,116,116,117,117,118,118,119,120,121,122,123,124,125,125,126,126,127,128,129,130,132,133,134,135,135,136,136,137,138,139,140,140,140,140,140,140,140,141,142,143,144,145,146,146,147,148,148,149,149,150,151,152,152,153,154,154,156,157,157,158,160,161,162,163,164,165,165,165,167,168,168,169,170,170,172,173,174,174,175,176,177,178,179,180,182,182,183,183,183
10,Colorado,CO,22,86,86,86,86,86,86,87,87,87,88,88,88,88,88,89,90,90,91,91,92,92,93,93,94,94,94,95,96,96,97,98,99,100,101,101,102,103,104,105,106,107,108,109,110,111,113,114,116,117,118,120,121,121,122,124,125,126,128,129,130,131,132,133,134,134,134,135,135,136,137,137,137,138,138,138,139,139,139,139,139,139,140,140,140,140,141,141,141,141,141,142,142,142,143,143,144,144,144,144,145,145,145,145,146,147,147,148,149,149,150,150,151,151,151,152,152,153,153,153,153,154,154,154,154,154,154,155,155,154,155,155,155,155,155,155,155,154,154,153,152,152,151,150,149,149,148,147,147,147,146,146,146,145,145,145,144,144,143,142,142,141,141,141,141,142,142,141,141,141,141,141,141,140,139,139,138,138,137,136,136,136,135,135,134,134,134,133,133,134,135,135,135,135,136,138,139,139,140,141,141,142,143,144,145,146,147,148,149,151,152,153,154,155,155,156,157,158,159,160,161,163,165,166,168,169,171,173,174,176,178,180,182,185,186,187,188,190,191,193,195,197,198,199,201,203,205,207,209,210,211,213,214,216,218,219,220,221,222,223,224,225,227,230,231,232,233,235,235,236,238,240,242,244,246,247,248,248,248
4,Alabama,AL,23,44,44,44,44,44,45,45,45,45,45,45,45,45,45,45,45,46,46,46,46,46,47,47,47,47,47,47,47,47,47,47,48,48,49,49,49,50,50,50,50,50,50,50,50,50,51,51,51,51,51,51,51,51,52,52,52,52,53,53,54,54,54,54,54,54,54,54,54,54,55,55,56,56,56,56,55,55,55,55,55,56,56,57,56,57,57,57,57,57,57,57,57,57,58,57,58,58,59,59,60,60,60,61,61,61,61,60,60,59,59,59,58,58,58,59,59,59,60,61,61,62,63,64,64,65,65,65,66,66,67,67,66,67,67,67,67,67,67,67,66,66,67,66,67,66,66,66,65,65,65,65,64,64,64,64,63,63,63,63,62,62,62,61,61,61,61,62,62,61,61,61,60,60,61,60,60,59,59,58,58,58,58,58,58,57,57,56,56,56,56,56,57,57,57,57,57,57,58,58,58,59,59,59,60,60,61,61,61,61,61,62,62,62,62,62,63,63,63,63,63,63,64,64,64,64,64,64,65,65,65,65,65,66,66,65,66,66,67,66,66,67,67,68,67,68,68,68,68,68,68,68,68,69,69,70,69,69,68,69,69,69,70,70,71,72,72,73,73,74,74,75,75,75,75,76,76,76,76
51,South Carolina,SC,24,47,48,48,48,48,48,49,49,50,51,52,52,53,53,54,54,55,55,56,57,58,58,58,58,58,59,59,60,60,60,60,60,60,60,61,61,62,62,62,62,62,62,62,63,63,64,65,65,66,66,67,67,68,67,67,67,67,67,67,68,68,69,69,69,69,69,69,69,69,69,70,70,70,70,70,69,70,70,70,70,71,71,72,72,72,72,72,73,73,73,73,73,74,74,75,75,75,76,76,77,77,78,78,79,79,79,80,81,81,82,83,83,84,84,85,85,86,86,87,87,88,89,90,90,91,91,92,92,92,93,93,93,93,93,93,92,92,93,93,93,93,93,93,93,92,92,91,91,90,90,89,89,89,88,88,88,87,87,87,86,86,85,85,85,85,86,86,86,86,86,86,85,85,84,84,84,83,83,82,82,81,81,80,80,81,80,80,79,79,79,79,79,79,79,78,79,79,79,79,79,80,80,80,80,79,80,80,80,81,81,81,81,81,82,82,82,83,83,82,82,82,82,82,82,83,83,84,84,84,84,85,84,84,85,85,85,85,86,86,86,87,88,88,89,90,91,91,92,93,93,94,94,95,95,96,96,97,97,97,98,98,99,100,101,101,102,102,103,104,104,105,106,107,107,107,107,107,107
25,Louisiana,LA,25,45,45,46,46,46,46,47,47,48,48,48,48,49,48,48,48,48,48,49,49,49,49,50,51,52,54,55,57,58,59,60,60,61,62,62,62,61,61,61,61,62,62,62,63,63,64,64,64,64,64,64,64,64,65,65,66,66,67,67,68,68,67,66,64,62,60,59,57,56,55,55,54,55,55,55,55,55,55,56,56,56,56,56,57,57,58,58,59,60,61,62,63,65,66,67,67,68,68,69,69,69,70,70,71,70,70,69,70,70,69,70,70,71,71,73,73,74,75,76,76,77,78,79,79,80,80,81,81,81,82,82,83,83,83,83,84,84,84,83,84,84,84,84,84,85,84,84,83,84,84,84,83,83,83,83,83,84,84,84,83,83,83,84,84,85,84,84,85,85,84,84,85,84,84,84,84,84,83,83,82,82,81,81,81,81,81,81,81,81,81,81,81,81,80,80,80,80,80,80,80,80,80,80,80,80,81,80,80,80,80,81,81,81,81,81,81,81,81,81,82,82,82,82,83,83,83,83,83,83,83,83,83,83,83,83,83,84,84,85,85,86,86,86,87,87,88,88,89,89,90,89,90,90,91,90,90,90,90,90,91,90,91,91,92,92,92,92,93,93,94,94,95,95,95,94,94,93,93
24,Kentucky,KY,26,50,51,51,51,51,51,51,51,51,51,52,52,53,53,53,53,53,53,54,54,55,55,56,55,56,56,57,57,58,58,58,58,58,59,59,59,59,60,60,60,60,60,61,61,61,61,62,62,63,62,63,63,64,64,64,65,65,65,66,66,67,67,67,68,68,68,68,68,69,69,70,70,70,70,70,70,70,70,70,71,71,72,72,73,73,73,74,74,74,74,74,74,74,74,74,75,75,75,75,76,75,76,76,77,77,78,77,78,78,79,79,79,78,79,79,79,79,80,80,81,81,81,82,82,83,83,83,83,83,83,82,82,82,81,82,82,83,82,82,82,82,83,82,83,82,82,81,82,82,81,81,81,81,82,82,81,82,82,82,81,81,80,80,80,80,81,81,82,82,82,81,81,81,82,81,81,81,80,80,79,80,80,79,79,78,78,78,78,79,79,79,79,79,78,78,78,78,78,78,78,79,79,79,79,79,78,79,79,80,79,79,79,80,80,80,80,80,80,81,80,80,81,81,81,81,80,81,81,82,82,82,82,83,83,84,84,85,85,85,85,85,86,86,87,87,88,88,89,90,90,91,91,92,92,93,93,94,94,94,94,95,95,96,96,97,97,99,99,100,100,101,102,102,103,103,104,104,104
46,Oregon,OR,27,79,79,80,80,81,81,81,82,82,82,83,83,84,84,84,85,85,84,85,85,85,85,86,85,85,85,86,86,86,86,87,87,87,88,89,89,90,90,90,90,90,90,91,91,91,91,92,92,92,92,92,93,93,93,94,94,94,95,95,96,96,97,97,97,97,98,98,98,98,99,100,100,100,101,101,101,101,102,102,103,104,104,105,106,106,107,107,108,108,109,110,110,111,111,112,113,114,115,116,118,119,120,121,123,124,126,128,130,132,134,136,138,141,144,147,151,154,157,159,160,162,165,167,169,170,171,171,170,170,170,170,170,170,170,170,170,169,169,168,167,166,166,165,164,163,162,161,159,158,156,155,153,152,151,150,148,147,145,144,143,142,141,141,140,140,141,140,140,138,137,136,135,133,132,131,130,128,127,126,125,124,123,123,122,121,121,121,120,119,119,119,120,120,120,120,121,122,123,123,124,125,125,125,126,128,130,130,131,133,134,134,135,136,137,138,139,140,141,142,144,145,145,146,147,148,149,150,150,152,153,155,156,157,159,160,161,163,164,165,166,168,170,172,174,175,177,179,180,182,184,186,187,188,190,191,191,192,193,193,194,196,197,198,200,201,202,203,204,205,206,208,210,211,212,213,214,213,213
45,Oklahoma,OK,28,41,41,41,42,42,41,41,40,40,40,40,40,40,39,39,39,38,38,39,39,39,39,39,39,39,39,40,40,40,41,41,41,41,41,42,42,42,42,42,42,43,43,44,44,44,44,45,45,45,45,45,46,46,46,46,46,47,47,47,47,47,47,47,48,48,48,48,48,49,48,48,49,49,50,50,50,50,50,51,51,51,51,51,51,51,51,51,52,52,53,53,53,53,53,53,54,54,54,54,55,55,55,55,55,56,56,56,56,56,56,56,56,57,57,57,58,58,58,58,59,59,59,60,60,60,61,61,61,61,61,61,62,62,62,62,62,62,63,63,63,63,63,63,64,64,64,64,64,63,63,63,63,63,63,63,64,64,64,64,64,65,64,64,64,65,65,66,65,65,65,66,66,65,65,64,64,64,64,64,64,64,63,63,62,62,63,63,62,62,62,63,63,63,63,62,62,62,63,63,63,62,62,63,63,63,63,63,63,63,64,63,64,64,64,64,64,64,64,65,64,64,64,65,65,65,65,66,66,66,66,66,66,67,67,66,66,67,67,68,68,69,69,70,70,71,72,72,73,73,74,74,75,75,75,75,76,77,77,77,77,77,77,77,78,78,79,78,78,79,80,80,80,80,81,81,81,81,81
11,Connecticut,CT,29,85,85,85,85,86,85,85,85,85,86,86,87,87,87,87,86,86,86,86,86,87,87,88,88,88,89,89,90,90,91,91,92,92,93,93,94,94,95,96,96,97,97,98,99,100,101,102,102,103,103,104,104,105,106,106,107,108,110,111,112,113,114,115,116,116,117,117,118,119,120,122,123,124,125,126,127,128,130,131,133,134,135,137,138,139,141,142,143,144,146,147,148,149,150,152,153,155,157,159,161,162,164,165,167,169,170,172,173,175,177,178,180,181,183,184,185,186,187,187,188,188,188,189,189,188,188,188,187,187,187,187,187,187,186,185,185,184,183,183,182,181,179,178,177,176,175,174,173,172,170,169,168,167,166,165,164,163,161,160,158,158,158,158,158,158,159,160,160,158,158,158,158,157,156,156,154,153,152,151,150,149,149,149,148,147,146,146,145,143,142,142,141,141,141,141,140,140,140,140,140,140,141,141,141,142,142,143,143,143,143,143,143,143,143,143,143,143,142,142,142,143,143,142,142,142,142,142,142,142,142,142,142,142,142,142,142,142,142,142,143,143,143,143,144,144,144,144,144,145,146,146,146,147,147,147,147,148,149,150,150,151,152,151,151,152,152,153,153,153,154,154,154,154,154,155,155,155,155
19,Iowa,IA,30,47,47,47,47,47,47,47,48,48,48,48,48,49,49,49,50,51,51,52,53,53,54,54,54,54,54,55,55,56,57,57,58,59,59,60,60,60,60,60,60,60,60,60,60,60,60,61,61,62,63,64,64,65,65,65,66,66,66,66,66,67,67,67,67,68,68,68,69,69,70,70,70,71,71,72,72,72,72,72,73,73,73,73,73,74,74,75,75,75,75,76,77,77,77,77,78,78,78,78,79,80,80,81,82,82,83,83,83,83,83,84,84,85,85,85,86,86,86,86,86,87,87,87,87,88,88,88,89,89,89,89,89,90,90,90,90,90,90,90,90,90,90,90,90,90,90,90,90,90,89,89,89,89,89,89,90,90,90,90,89,89,88,88,88,88,89,89,90,90,90,90,91,90,90,90,90,90,89,89,89,89,89,89,88,88,88,88,88,88,89,89,89,89,89,89,89,90,90,91,91,91,92,92,92,93,93,93,93,93,93,94,94,94,95,95,95,95,95,96,96,96,96,97,97,97,97,98,98,99,99,100,100,101,101,101,101,101,102,102,102,102,102,103,103,104,104,105,105,106,106,107,107,107,108,108,109,109,109,109,110,110,111,111,111,112,112,112,113,113,114,114,115,116,116,117,117,117,117
34,Mississippi,MS,31,43,43,43,43,43,44,44,45,45,45,45,44,44,44,44,44,45,44,44,43,43,43,42,42,42,42,42,42,43,43,43,42,42,43,43,42,42,43,43,44,44,44,44,44,45,45,45,44,44,45,44,43,43,42,42,41,41,41,41,42,41,41,42,42,43,43,43,42,42,43,42,42,42,42,42,43,43,43,43,43,44,44,43,44,44,45,44,44,43,44,44,44,44,44,44,44,44,44,45,46,47,48,49,50,52,53,55,55,56,58,58,59,60,61,61,62,62,63,63,64,65,67,67,68,68,69,69,69,69,69,70,70,71,71,71,71,72,72,71,71,71,71,70,70,69,68,68,67,67,67,67,67,66,66,66,66,66,66,66,65,65,65,64,64,64,64,65,65,66,66,66,66,66,66,66,66,66,65,65,64,64,64,64,63,63,63,63,63,63,63,63,63,63,63,63,63,63,63,62,62,62,62,62,62,62,62,62,61,61,61,60,60,60,61,60,60,60,59,59,59,60,60,61,61,61,62,62,63,63,63,63,64,64,65,64,65,65,65,66,66,66,66,67,67,67,67,68,68,68,68,69,69,69,69,68,69,69,70,70,69,69,70,70,71,72,73,75,75,75,75,75,76,77,77,78,78,78,78
6,Arkansas,AR,32,39,39,39,39,39,38,38,38,38,39,39,39,39,39,39,40,39,40,40,40,40,41,41,41,41,42,42,41,42,42,42,42,42,43,43,43,43,43,43,43,44,43,43,43,44,45,45,45,45,45,45,45,44,45,45,45,45,45,46,46,47,47,47,47,46,47,47,47,47,46,47,47,47,47,48,48,48,49,49,49,49,49,49,50,50,51,51,51,52,52,52,52,52,53,53,54,54,54,54,54,55,55,55,56,57,57,58,58,58,59,59,59,60,60,61,61,62,62,62,63,63,63,63,64,64,64,65,65,65,65,65,65,65,65,66,66,66,66,65,66,66,66,66,66,66,66,66,66,65,65,65,65,64,64,64,64,64,64,64,63,63,62,62,62,62,63,63,63,63,63,63,63,62,63,63,62,62,62,61,61,61,61,61,61,60,60,60,60,60,60,60,60,60,60,60,60,60,60,60,60,60,61,61,62,62,62,62,62,62,62,63,63,64,64,64,63,64,64,64,64,64,64,64,64,64,65,64,65,65,66,66,66,66,66,67,67,68,68,68,68,69,69,69,70,70,70,71,71,72,72,72,72,73,73,73,74,74,74,74,74,73,74,75,75,76,76,77,77,77,78,78,79,79,80,80,80,80,80
23,Kansas,KS,33,46,46,46,46,47,47,47,47,47,48,48,49,50,51,52,53,54,55,56,56,57,58,58,59,60,61,62,62,63,63,63,64,64,64,65,64,64,65,65,65,66,66,66,66,67,66,67,67,67,67,67,67,68,68,68,69,68,69,69,69,70,70,71,71,72,72,72,72,73,72,73,73,73,73,73,74,74,74,74,74,74,74,74,74,74,75,75,75,75,75,75,75,76,76,76,76,77,77,78,78,79,80,81,82,82,82,83,83,83,83,82,83,83,82,82,81,82,82,82,82,82,83,83,84,84,85,85,84,85,85,85,85,85,86,86,87,87,87,87,88,87,87,86,86,87,87,86,86,85,85,85,85,85,85,85,85,85,85,85,84,84,83,83,83,83,84,84,84,84,84,84,84,84,83,83,83,83,83,82,82,81,81,80,81,81,81,80,80,79,80,79,80,80,80,80,80,79,79,79,79,80,80,80,80,80,80,79,80,80,80,80,80,81,81,81,81,81,81,82,81,81,81,82,82,83,83,82,83,83,84,83,84,84,84,84,84,85,85,86,86,86,87,87,88,88,89,89,90,89,90,91,91,92,93,93,93,94,94,94,95,95,96,96,96,96,96,98,98,99,99,100,100,101,101,101,102,102,102
55,Utah,UT,34,100,100,100,100,101,101,100,101,101,102,102,103,103,104,104,105,105,106,106,106,107,106,107,107,107,107,107,107,108,108,108,109,108,109,109,108,108,108,108,108,109,109,109,110,110,111,111,112,112,113,113,114,115,115,116,116,117,117,117,117,117,117,117,117,118,118,118,117,117,118,118,117,117,117,117,118,117,117,116,116,116,117,117,117,117,117,117,117,117,118,118,118,118,119,119,119,119,119,119,119,119,120,120,120,120,121,121,121,122,122,123,123,124,125,125,126,127,129,130,132,133,135,137,140,142,145,146,149,151,154,155,157,159,160,162,164,166,168,169,171,171,172,172,173,173,172,172,171,170,169,169,168,167,166,165,165,164,163,161,159,158,157,156,155,155,154,154,154,153,152,152,151,150,149,148,147,145,144,143,142,141,140,139,139,138,137,136,136,137,137,136,135,135,136,136,136,137,138,139,139,141,142,143,144,145,146,147,148,150,151,152,153,153,154,155,156,156,156,157,157,157,157,158,158,159,159,159,160,161,162,162,163,164,165,166,167,168,169,170,171,173,174,176,177,178,179,181,182,184,185,186,187,189,191,192,194,196,197,198,200,201,203,206,208,210,212,215,218,220,223,226,228,230,232,234,235,236,236
42,Nevada,NV,35,76,76,77,76,76,76,76,76,77,77,78,78,78,78,78,78,78,78,78,78,79,79,80,80,80,80,81,80,80,80,80,80,81,81,81,81,81,81,81,81,81,82,82,83,83,84,84,84,85,85,85,86,86,86,87,87,88,88,88,89,89,90,90,91,91,92,93,94,94,95,96,96,96,97,97,98,98,98,99,99,100,100,101,102,103,104,105,107,108,110,112,115,118,121,125,128,132,137,141,146,151,156,160,163,166,169,171,174,176,178,180,182,183,184,184,185,186,187,188,189,191,192,192,192,191,191,190,188,187,186,185,183,181,179,177,176,174,171,169,166,163,159,155,151,148,144,140,136,133,129,126,123,119,116,113,109,105,102,98,95,93,91,90,90,89,88,88,88,87,87,87,86,84,84,83,82,81,81,80,79,78,77,76,75,75,74,74,74,73,73,73,74,74,74,74,76,77,78,78,80,82,83,84,86,88,90,93,95,97,99,100,102,103,104,105,106,106,107,108,109,110,110,111,112,113,113,113,114,115,116,117,118,118,119,120,121,121,122,123,123,124,125,126,127,128,129,130,131,131,132,133,134,136,138,139,141,142,143,145,147,148,150,153,154,155,157,159,161,163,166,168,170,171,171,172,173,173,173
41,New Mexico,NM,36,79,79,79,79,79,79,79,79,79,80,80,81,81,82,82,82,82,82,82,81,80,79,78,77,76,76,76,77,77,78,79,79,80,80,81,81,81,81,81,81,80,80,81,81,81,81,81,82,83,83,83,83,83,83,83,83,83,84,84,85,85,86,86,86,86,86,86,86,87,87,87,88,88,88,88,89,89,88,88,88,89,89,89,90,90,90,90,91,91,92,92,93,94,94,95,95,96,96,97,97,97,97,98,98,98,98,98,99,99,99,100,101,101,103,104,105,106,108,109,111,112,113,115,116,118,118,119,120,122,122,123,123,124,124,125,125,126,126,126,126,127,127,127,127,127,126,126,126,125,125,124,124,124,123,123,123,122,122,121,120,120,119,119,119,119,119,119,119,119,120,119,119,118,118,117,116,115,115,115,114,113,112,112,111,111,110,110,110,109,109,109,108,108,107,107,107,107,107,107,107,107,107,107,107,107,107,106,107,107,107,107,107,106,107,107,108,108,108,108,108,108,108,108,108,108,109,109,109,109,110,110,112,112,112,112,113,114,113,113,113,114,114,115,115,115,115,116,117,117,118,118,118,118,119,119,119,120,120,120,121,122,123,123,124,125,125,126,126,127,128,129,130,130,131,132,132,132,132
61,West Virginia,WV,37,33,33,32,33,33,33,33,33,33,34,34,34,34,35,35,35,34,35,35,35,36,36,37,37,37,37,38,38,37,38,38,38,39,39,40,40,40,40,41,41,40,40,40,40,40,40,40,40,40,40,39,40,40,40,40,41,41,42,42,42,42,42,42,43,42,42,42,42,42,43,43,43,43,43,42,43,43,44,44,45,45,46,47,48,48,49,49,50,49,49,49,49,48,48,48,48,49,50,50,51,51,52,53,54,55,55,56,56,56,56,56,56,56,57,57,57,57,58,58,58,58,58,59,59,59,59,59,59,59,60,59,60,60,60,60,60,60,60,60,60,60,61,60,60,60,60,60,60,59,59,59,59,58,58,58,58,58,58,58,57,57,56,56,56,56,57,57,58,58,58,57,57,57,57,58,58,58,57,58,57,57,57,57,57,57,57,57,57,57,57,57,57,57,57,56,56,56,57,57,58,58,58,58,58,58,58,58,58,58,58,58,58,59,59,59,58,59,60,60,60,60,60,60,60,61,61,62,62,63,62,62,63,64,64,64,64,64,64,64,64,64,64,64,64,65,65,66,66,66,66,66,67,67,67,67,67,67,66,66,67,67,67,68,68,69,69,69,69,70,70,70,70,71,71,71,70,70,69
38,Nebraska,NE,38,55,56,57,58,58,59,60,60,60,61,61,61,61,61,61,61,61,61,61,61,61,61,61,62,62,62,62,62,62,63,63,64,64,65,66,68,69,70,71,72,73,73,73,73,74,74,74,75,75,75,76,76,76,76,76,76,76,76,76,75,74,73,72,72,72,71,71,72,72,72,72,72,73,73,73,74,74,74,74,75,75,75,75,75,76,77,77,77,78,79,79,80,80,80,81,81,82,82,83,84,84,84,85,85,85,86,86,87,88,88,88,88,88,88,89,89,89,89,89,90,91,91,91,92,92,91,91,92,92,92,92,92,92,93,93,93,93,93,92,92,91,91,91,91,90,90,90,90,89,89,89,89,89,89,89,89,89,89,89,89,89,88,88,89,89,89,89,89,89,89,90,90,90,89,89,88,88,88,87,88,88,87,87,86,86,86,87,87,87,87,88,88,88,88,88,88,88,89,89,89,89,89,90,90,91,91,91,91,92,92,92,92,93,93,94,94,94,94,94,95,95,96,96,96,96,97,97,98,99,99,100,100,101,101,101,101,102,102,103,103,104,104,105,105,106,106,107,108,108,109,109,110,110,111,112,113,113,113,113,114,114,115,116,116,117,117,118,118,119,120,121,122,123,123,124,124,124,124
20,Idaho,ID,39,60,60,59,59,59,59,59,60,60,61,61,63,64,66,67,68,70,70,71,71,71,72,72,72,73,72,72,73,73,73,73,74,74,75,75,75,74,74,74,74,74,74,74,75,75,75,75,76,76,76,76,76,77,77,78,77,78,78,79,79,79,78,78,78,78,77,77,77,76,77,77,76,77,77,77,77,78,78,78,78,79,79,79,79,79,79,79,80,80,80,80,80,80,81,81,82,82,83,83,84,84,85,85,86,87,88,89,90,91,92,92,94,96,98,99,101,103,105,106,108,109,111,113,114,116,117,117,117,118,118,119,119,120,120,120,120,120,119,120,120,120,120,120,120,119,119,118,117,116,115,114,113,112,111,110,109,108,107,106,104,103,102,102,101,101,100,100,99,98,97,96,96,95,94,94,93,92,91,91,90,89,89,88,87,87,87,86,86,86,86,86,86,86,86,87,87,88,88,89,90,91,91,92,92,93,95,96,97,98,99,100,101,101,102,102,103,104,104,104,105,105,105,105,105,106,106,107,107,108,109,109,109,110,111,111,112,113,113,114,115,116,117,118,118,119,120,121,122,122,123,124,125,126,127,128,129,130,132,132,133,134,135,136,138,139,141,143,144,146,148,151,153,155,157,159,161,162,163
18,Hawaii,HI,40,181,180,179,178,176,175,174,173,173,172,172,171,171,170,169,168,168,167,167,166,166,166,166,166,166,166,166,167,167,167,167,168,168,168,168,168,168,168,168,168,167,167,167,168,169,171,173,174,175,176,176,177,177,178,179,179,180,180,181,181,181,181,182,183,183,184,185,186,187,188,190,192,193,195,197,199,200,202,205,207,210,213,215,218,221,225,228,232,236,240,245,250,254,259,265,270,276,283,290,297,304,311,317,323,330,336,343,349,356,363,371,379,386,392,398,403,408,412,416,419,421,423,424,425,425,425,425,425,424,424,424,423,422,421,421,420,420,419,419,418,417,416,414,412,409,406,402,399,395,391,387,383,379,375,372,368,364,360,356,354,352,351,350,351,351,350,351,352,355,357,357,358,358,357,357,356,355,355,354,352,351,350,350,349,348,346,344,343,343,344,345,347,348,349,350,352,354,355,357,359,361,363,365,366,369,373,376,379,382,385,389,391,393,396,398,399,401,403,404,406,408,410,412,415,416,417,418,420,422,423,424,425,426,429,431,434,435,438,441,445,448,451,454,456,459,460,462,465,468,470,471,472,473,475,476,478,479,480,483,484,486,489,492,493,495,497,500,502,504,506,506,507,508,510,509,506,502,499
28,Maine,ME,41,64,64,63,63,62,62,62,62,62,61,62,62,62,62,62,62,62,63,63,64,64,65,65,65,66,66,66,67,67,68,68,68,69,69,70,70,71,71,72,73,73,74,75,76,76,78,79,80,81,81,82,83,83,84,85,86,87,89,90,90,91,92,93,94,95,96,96,97,98,100,101,102,103,104,105,106,106,107,108,109,110,111,111,113,114,115,116,118,119,121,123,124,125,126,127,129,131,132,134,135,137,137,138,139,141,143,145,147,148,150,150,151,151,152,152,152,153,153,153,153,153,152,153,153,152,152,151,151,151,151,150,150,149,149,148,148,148,149,149,149,149,148,147,146,144,143,141,139,138,137,136,135,134,133,133,132,131,130,129,129,128,129,129,129,129,129,130,131,132,134,135,136,135,135,134,133,132,132,131,129,128,128,128,127,127,128,127,128,128,128,128,128,128,128,129,129,129,130,131,131,132,132,132,133,133,133,133,133,133,133,133,132,133,134,134,135,135,136,137,138,139,138,138,138,138,139,139,140,140,140,140,140,141,141,141,141,141,142,142,143,143,144,145,146,147,148,149,150,151,151,153,153,154,154,155,156,156,157,158,159,160,161,161,162,163,164,164,165,167,169,171,172,173,174,174,174,174,174
39,New Hampshire,NH,42,62,62,62,62,62,61,62,62,62,62,62,63,63,63,64,64,64,64,65,65,66,66,67,67,68,68,69,69,69,70,70,70,71,71,72,71,72,73,73,74,75,75,76,77,78,79,80,82,83,84,85,86,87,87,88,89,90,92,93,95,96,97,98,99,101,102,103,104,105,106,107,109,110,111,112,113,114,115,117,118,120,121,122,124,125,126,127,128,129,130,131,132,133,134,135,137,138,139,140,141,142,144,145,147,148,150,151,151,153,154,156,156,157,157,158,158,158,157,158,158,158,158,157,157,156,156,156,156,155,155,154,154,153,153,153,152,152,151,150,149,148,147,146,145,145,144,142,141,140,139,139,138,137,136,135,134,134,133,131,130,129,129,129,129,129,130,130,130,129,129,128,128,128,128,127,126,125,124,123,122,122,121,121,120,120,119,118,118,119,119,119,118,118,118,119,119,119,119,119,120,120,120,120,120,121,122,122,122,123,124,124,124,125,125,125,125,125,126,126,127,127,127,127,127,127,128,129,130,130,131,131,131,132,133,133,134,134,135,135,136,136,136,136,137,138,139,140,141,141,142,143,144,146,147,147,148,148,150,151,152,152,153,154,154,155,156,158,159,160,160,161,162,163,164,164,165,165,165
50,Rhode Island,RI,43,82,82,82,81,81,81,81,81,81,81,81,81,81,81,81,81,81,81,81,81,81,82,83,83,84,84,84,84,85,85,85,86,86,86,87,87,88,88,89,90,91,91,91,92,93,94,96,97,97,98,99,100,100,101,102,103,104,105,107,108,109,111,112,114,115,117,119,120,122,124,126,127,129,131,134,136,138,140,143,145,148,150,152,155,157,159,162,164,166,168,170,172,174,176,179,181,183,185,187,190,192,195,197,199,201,203,204,206,208,209,210,212,212,213,213,213,213,213,214,214,214,214,213,212,211,210,209,208,207,207,206,205,204,204,203,201,200,198,197,195,193,192,190,187,185,183,181,179,177,176,174,172,171,169,168,166,164,162,161,159,158,158,157,157,158,158,158,159,160,160,159,158,158,157,156,156,155,154,153,152,150,148,147,146,145,144,143,142,141,140,140,139,139,140,141,141,142,142,141,142,142,143,142,142,142,143,144,145,145,146,146,146,146,146,147,148,149,150,151,151,151,152,152,152,152,153,153,154,154,153,154,155,156,157,157,158,159,160,160,161,161,162,163,164,166,168,170,171,171,172,173,175,176,178,179,179,181,182,183,185,187,189,190,191,192,193,193,194,194,195,196,197,197,198,199,199,198,198
35,Montana,MT,44,107,107,107,106,107,107,107,107,107,107,107,107,107,107,107,108,107,107,107,107,107,107,106,106,106,107,107,107,108,108,108,108,107,107,106,106,106,106,106,106,107,107,108,108,108,108,107,107,107,106,106,106,107,107,107,107,107,108,108,108,109,111,112,114,114,115,116,116,116,116,116,116,116,116,116,117,117,118,118,119,120,121,121,121,121,120,118,115,113,112,111,111,110,111,111,111,112,113,114,116,116,117,118,118,118,119,119,119,119,120,120,121,122,123,124,124,125,125,127,127,127,128,130,131,132,133,134,135,135,136,136,137,137,137,138,138,139,139,140,141,141,142,142,142,143,142,142,142,142,142,143,143,142,143,143,143,143,143,142,142,141,141,141,141,140,140,139,140,141,142,142,142,142,142,141,141,140,140,140,140,139,138,138,138,137,137,137,137,138,138,139,138,138,139,138,139,139,139,140,141,142,142,143,143,143,144,145,145,145,145,145,145,145,145,146,146,146,146,147,147,149,149,150,149,149,149,149,150,150,151,151,153,153,154,155,155,155,155,156,157,158,159,160,160,160,161,162,163,163,163,163,163,163,164,165,165,165,165,165,166,168,169,172,174,175,175,176,177,177,179,180,183,184,185,186,186,186,186
13,Delaware,DE,45,64,65,65,65,65,64,64,64,64,64,65,65,66,66,66,66,66,66,66,66,66,67,67,67,67,67,67,67,67,67,67,67,67,68,68,69,69,69,70,70,70,70,70,70,70,71,71,72,72,72,73,73,74,74,74,75,76,76,76,77,77,78,79,80,80,80,80,81,81,82,83,83,84,85,85,86,86,87,87,88,88,89,90,91,92,92,93,94,95,96,97,97,98,99,100,102,103,104,105,107,109,113,117,120,123,124,124,124,124,124,125,126,127,127,128,129,131,132,133,135,136,137,138,139,140,140,140,140,140,140,141,141,141,142,142,142,142,141,140,139,139,138,138,138,137,137,136,136,135,134,133,133,132,132,131,131,130,129,128,127,126,126,126,126,125,126,125,125,126,127,126,126,125,124,123,122,121,120,119,119,118,117,116,115,114,113,112,111,110,110,109,108,108,107,107,107,107,106,106,106,106,106,107,107,107,107,107,108,108,109,110,110,111,111,112,112,112,113,113,114,113,113,114,114,114,114,114,114,114,115,115,115,116,117,118,117,117,118,119,120,121,122,122,123,125,125,125,125,125,125,125,126,127,127,127,128,128,128,130,133,137,138,138,136,135,134,134,134,134,135,135,134,135,136,136,136,136,136
52,South Dakota,SD,46,35,35,36,37,38,39,40,41,42,43,43,43,43,42,41,41,40,40,40,41,42,42,44,45,47,48,50,51,52,53,54,55,56,58,61,63,66,68,69,70,71,71,71,71,71,71,71,71,72,72,73,74,74,75,75,75,76,77,78,79,80,81,82,83,83,83,83,83,82,82,82,82,81,81,81,82,84,85,88,89,90,91,90,88,87,86,85,85,86,86,87,88,89,91,93,95,97,100,102,104,105,106,107,108,108,108,109,109,109,110,111,111,111,111,112,112,112,113,114,115,116,116,117,118,119,119,119,119,120,120,121,121,121,121,120,120,120,120,120,120,120,120,121,121,121,122,122,122,122,122,122,122,122,123,123,123,123,123,124,123,123,122,122,123,122,122,122,122,123,124,124,124,124,124,125,125,124,124,124,124,123,123,123,123,122,122,122,121,121,121,122,121,121,120,119,120,120,121,121,122,123,124,124,125,125,126,127,127,128,128,128,128,127,127,128,127,128,128,129,129,129,130,131,131,132,132,133,134,135,136,137,137,138,138,139,139,140,141,142,142,142,143,143,144,145,145,146,146,146,147,147,148,148,149,150,151,151,152,153,154,153,153,154,156,157,158,158,158,159,160,161,162,164,165,166,166,166,166
3,Alaska,AK,47,71,72,72,72,72,73,73,74,74,74,74,74,74,74,75,75,76,76,76,77,78,79,80,81,81,81,82,82,83,83,83,84,84,84,85,85,85,85,86,86,87,87,87,88,88,89,89,88,88,88,88,88,88,89,89,90,91,94,96,98,101,103,105,106,108,109,110,110,111,111,112,112,113,113,114,114,115,115,115,116,116,116,117,117,118,118,119,120,122,122,123,124,124,125,125,126,127,127,128,128,129,131,132,133,134,136,137,138,139,140,140,142,143,144,145,146,148,149,150,151,152,153,155,156,157,158,159,160,161,161,163,163,164,164,165,165,166,166,166,166,167,167,168,168,168,168,168,168,168,168,168,168,168,168,168,168,168,168,169,169,169,169,169,169,169,169,169,169,170,170,171,171,171,170,170,170,170,171,171,171,171,171,170,170,170,170,170,170,170,169,170,170,170,170,170,170,170,170,171,171,171,172,172,173,172,173,173,174,174,174,174,174,175,175,176,177,177,175,175,175,176,176,177,178,178,179,179,179,180,181,181,182,182,182,183,183,183,184,185,185,185,185,186,186,185,185,184,183,183,183,183,183,183,184,184,183,184,184,184,185,186,186,186,185,185,184,185,185,186,186,186,186,186,183,182,183,184,186
37,North Dakota,ND,48,,,,,,,,,,,,,,,,,,,,,,,,,,,,,,,,,,,,,,,,,,,,,,,,,,,,,,,,,,,,,,,,,,,,,,,,,,,,,,,,,,,,,,,,,,,,,,,,,,,,,,,,,,,,106,104,104,104,105,106,108,108,109,109,109,110,111,112,113,113,114,114,113,114,114,115,116,116,117,118,118,118,119,119,120,120,121,122,122,122,123,123,123,123,123,123,123,123,123,123,123,123,123,123,124,124,124,124,124,124,124,124,124,124,124,125,125,125,125,126,126,127,127,127,128,128,128,129,129,130,130,131,130,130,129,129,130,130,131,131,132,132,133,133,134,136,137,139,140,141,142,143,144,144,146,147,149,150,151,152,153,154,155,156,157,158,158,159,160,161,163,164,165,166,167,168,169,170,172,173,174,174,174,175,175,176,177,178,178,178,179,179,179,179,179,180,180,181,181,181,181,181,181,181,181,181,181,182,182,182,182,181,181,181,181,181,181,181,181,181,181,181,181,181,182
12,District of Columbia,DC,49,101,101,101,102,101,102,102,102,103,103,104,104,104,104,104,103,103,103,104,104,104,105,105,106,106,107,107,108,108,109,110,110,111,112,114,114,115,116,117,118,118,119,119,120,121,122,124,125,126,127,128,129,131,131,133,134,136,138,140,143,145,148,150,153,155,158,161,164,166,169,173,176,179,183,186,189,192,196,199,203,206,210,213,216,220,224,228,232,236,240,245,249,254,258,263,268,273,279,285,291,297,303,310,316,321,326,331,335,340,344,348,352,356,359,362,364,366,368,370,371,372,373,373,373,372,371,371,370,370,370,371,372,373,373,373,373,372,371,370,369,367,365,363,361,358,355,353,350,349,347,345,343,341,340,338,337,335,332,330,329,329,329,329,329,329,330,331,332,332,333,333,333,332,331,331,332,333,334,333,332,332,332,332,332,331,331,331,332,332,333,334,335,337,339,340,342,344,347,350,352,354,355,356,358,361,365,369,372,376,380,383,385,387,390,392,395,399,402,403,404,405,407,408,410,411,414,417,421,424,427,431,434,437,439,442,444,445,446,446,447,450,453,456,458,461,463,465,469,473,476,479,481,482,484,487,488,489,489,489,489,490,492,495,499,499,501,503,506,508,509,512,515,517,518,519,517,512,507
62,Wyoming,WY,50,102,102,102,102,101,101,100,100,100,100,101,101,101,101,102,102,102,102,101,101,101,101,100,100,100,99,98,98,97,97,98,98,98,99,100,100,101,102,103,103,103,103,104,104,104,105,105,106,107,107,107,107,108,108,109,109,109,110,111,111,112,113,114,114,115,115,115,116,116,116,116,117,117,116,116,116,115,115,115,115,116,116,116,118,119,120,121,123,124,124,125,126,127,128,128,130,131,132,133,134,136,137,138,139,138,137,134,130,126,123,121,120,119,119,119,119,119,120,121,122,123,125,126,127,129,130,130,131,132,133,134,136,137,138,138,139,140,140,140,141,141,141,142,143,143,143,143,142,142,141,141,141,141,141,141,141,141,141,141,141,140,139,139,139,139,139,139,138,139,139,140,140,140,140,140,140,139,139,138,138,138,138,139,139,139,139,138,139,139,139,139,140,140,140,140,140,141,141,142,142,142,143,143,144,144,144,144,144,145,145,145,146,147,148,149,149,149,149,149,149,149,150,150,151,151,151,152,152,153,153,155,156,157,157,157,157,157,157,157,158,159,160,160,160,160,161,161,161,160,160,160,161,162,162,161,162,162,163,163,163,164,165,166,167,167,168,170,170,171,171,171,172,173,173,173,174,174,174